-- phpMyAdmin SQL Dump
-- version 5.0.2
-- https://www.phpmyadmin.net/
--
-- Host: localhost
-- Generation Time: Aug 10, 2020 at 01:03 PM
-- Server version: 5.7.28
-- PHP Version: 7.3.17

SET SQL_MODE = "NO_AUTO_VALUE_ON_ZERO";
START TRANSACTION;
SET time_zone = "+00:00";


/*!40101 SET @OLD_CHARACTER_SET_CLIENT=@@CHARACTER_SET_CLIENT */;
/*!40101 SET @OLD_CHARACTER_SET_RESULTS=@@CHARACTER_SET_RESULTS */;
/*!40101 SET @OLD_COLLATION_CONNECTION=@@COLLATION_CONNECTION */;
/*!40101 SET NAMES utf8mb4 */;

--
-- Database: `groupkit`
--

-- --------------------------------------------------------

--
-- Table structure for table `auto_responder`
--

CREATE TABLE `auto_responder` (
  `id` int(10) UNSIGNED NOT NULL,
  `responder_type` varchar(100) COLLATE utf8mb4_unicode_ci NOT NULL,
  `responder_json` text COLLATE utf8mb4_unicode_ci NOT NULL,
  `user_id` int(10) UNSIGNED NOT NULL,
  `group_id` int(10) UNSIGNED NOT NULL,
  `is_check` int(11) NOT NULL,
  `is_deleted` int(11) NOT NULL DEFAULT '0',
  `created_at` timestamp NULL DEFAULT NULL,
  `updated_at` timestamp NULL DEFAULT NULL
) ENGINE=MyISAM DEFAULT CHARSET=utf8mb4 COLLATE=utf8mb4_unicode_ci;

--
-- Dumping data for table `auto_responder`
--

INSERT INTO `auto_responder` (`id`, `responder_type`, `responder_json`, `user_id`, `group_id`, `is_check`, `is_deleted`, `created_at`, `updated_at`) VALUES
(1, 'GoogleSheet', '{\"activeList\":1,\"sheetURL\":\"https:\\/\\/docs.google.com\\/spreadsheets\\/d\\/1HnuoTzA1jTQD29vItulwRVuoRrWkpCPUnqQeqB41oCs\\/edit?usp=drive_web&ouid=102498676145594048462\"}', 1, 5, 0, 1, '2020-07-17 13:14:58', '2020-07-27 14:48:58'),
(3, 'GoogleSheet', '{\"activeList\":1,\"sheetURL\":\"https:\\/\\/docs.google.com\\/spreadsheets\\/d\\/19m-nDmqCsgi9G5DVg8SxbY0ZpUmxCv4K1J2bK8jfIHs\\/edit#gid=0\"}', 2, 7, 0, 1, '2020-07-29 14:13:22', '2020-08-03 16:38:29'),
(2, 'GoogleSheet', '{\"activeList\":1,\"sheetURL\":\"https:\\/\\/docs.google.com\\/spreadsheets\\/d\\/13MiQgDU_KnWDLOXsuSc8nmjkcgI6sPkI33RBqytbr7E\\/edit#gid=0\"}', 1, 6, 0, 0, '2020-07-17 13:21:46', '2020-07-28 13:59:30'),
(4, 'GoogleSheet', '{\"activeList\":1,\"sheetURL\":\"https:\\/\\/docs.google.com\\/spreadsheets\\/d\\/1GVRrwrYMa8101pjCB1Rb7gkJVO8tL65j3ieXwXyNzuA\\/edit?usp=sharing\"}', 6, 10, 0, 0, '2020-07-29 20:35:10', '2020-07-29 20:35:10'),
(5, 'Aweber', '{\"activeList\":{\"label\":\"C&C FB Group - LEADS\",\"value\":5516309},\"access_token\":\"geuOYXgJ00Aqp5nJYAD8GkvT0YMG5M0E\",\"refresh_token\":\"1llr1Mkfx259rmeEX8v6zyv9gM67LoI3\",\"account_id\":1186481,\"client_id\":\"uN922fsr2kQDjN2R2SIcW2NWsb3WbaCG\"}', 3, 19, 0, 1, '2020-08-07 01:18:29', '2020-08-07 01:19:57');

-- --------------------------------------------------------

--
-- Table structure for table `facebook_groups`
--

CREATE TABLE `facebook_groups` (
  `id` int(10) UNSIGNED NOT NULL,
  `fb_id` varchar(100) COLLATE utf8mb4_unicode_ci NOT NULL,
  `fb_name` varchar(191) COLLATE utf8mb4_unicode_ci NOT NULL,
  `img` text COLLATE utf8mb4_unicode_ci,
  `user_id` int(10) UNSIGNED NOT NULL,
  `is_deleted` int(11) NOT NULL DEFAULT '0',
  `created_at` timestamp NULL DEFAULT NULL,
  `updated_at` timestamp NULL DEFAULT NULL
) ENGINE=MyISAM DEFAULT CHARSET=utf8mb4 COLLATE=utf8mb4_unicode_ci;

--
-- Dumping data for table `facebook_groups`
--

INSERT INTO `facebook_groups` (`id`, `fb_id`, `fb_name`, `img`, `user_id`, `is_deleted`, `created_at`, `updated_at`) VALUES
(1, '547486429302265', 'QTech2', 'https://scontent.famd1-1.fna.fbcdn.net/v/t1.0-9/104279164_1111579442560967_4952017587450127023_n.jpg?_nc_cat=111&_nc_sid=825194&_nc_oc=AQkjlOEeHta4Ggz8WX2ATO5rqlPmND9SEKQ2HU-l3iAnncqiOGi7-TUjtiRg5l3YYaGez-1hK8_DnYi_9yLSzXWQ&_nc_ht=scontent.famd1-1.fna&oh=52d32335766f7600b9baab5b79797cd0&oe=5F2DCC4E', 1, 1, '2020-07-10 03:42:51', '2020-07-10 03:47:15'),
(2, '547486429302265', 'QTech2', 'https://scontent.famd1-1.fna.fbcdn.net/v/t1.0-9/104279164_1111579442560967_4952017587450127023_n.jpg?_nc_cat=111&_nc_sid=825194&_nc_oc=AQkjlOEeHta4Ggz8WX2ATO5rqlPmND9SEKQ2HU-l3iAnncqiOGi7-TUjtiRg5l3YYaGez-1hK8_DnYi_9yLSzXWQ&_nc_ht=scontent.famd1-1.fna&oh=52d32335766f7600b9baab5b79797cd0&oe=5F2DCC4E', 1, 1, '2020-07-10 03:48:08', '2020-07-10 04:00:40'),
(3, '547486429302265', 'QTech2', 'https://scontent.famd1-1.fna.fbcdn.net/v/t1.0-9/104279164_1111579442560967_4952017587450127023_n.jpg?_nc_cat=111&_nc_sid=825194&_nc_oc=AQkjlOEeHta4Ggz8WX2ATO5rqlPmND9SEKQ2HU-l3iAnncqiOGi7-TUjtiRg5l3YYaGez-1hK8_DnYi_9yLSzXWQ&_nc_ht=scontent.famd1-1.fna&oh=52d32335766f7600b9baab5b79797cd0&oe=5F2DCC4E', 1, 1, '2020-07-10 04:04:41', '2020-07-10 04:05:36'),
(4, '547486429302265', 'QTech2', 'https://scontent.famd1-1.fna.fbcdn.net/v/t1.0-9/104279164_1111579442560967_4952017587450127023_n.jpg?_nc_cat=111&_nc_sid=825194&_nc_oc=AQkjlOEeHta4Ggz8WX2ATO5rqlPmND9SEKQ2HU-l3iAnncqiOGi7-TUjtiRg5l3YYaGez-1hK8_DnYi_9yLSzXWQ&_nc_ht=scontent.famd1-1.fna&oh=52d32335766f7600b9baab5b79797cd0&oe=5F2DCC4E', 1, 1, '2020-07-10 04:06:28', '2020-07-10 15:04:55'),
(5, '547486429302265', 'QTech2', NULL, 1, 0, '2020-07-10 15:08:37', '2020-07-10 15:08:37'),
(6, '3102027389891885', 'Qodic_1', NULL, 1, 0, '2020-07-10 15:12:47', '2020-07-10 15:12:47'),
(7, '263327558130454', 'QTechno', 'https://scontent.famd5-1.fna.fbcdn.net/v/t1.0-9/101657748_10221551809880599_8548003796951760896_o.jpg?_nc_cat=111&_nc_sid=825194&_nc_oc=AQlzKWKasvyW-Ccke9LBGAtPifavZXMa4s5tvjhIWtg-o8IbuFUMb7vAV6h3iV2z934&_nc_ht=scontent.famd5-1.fna&oh=3675ffa3d4a2265fc261a183da003fc2&oe=5F3249D1', 2, 0, '2020-07-13 08:35:20', '2020-07-13 08:35:20'),
(8, '782292072290590', 'Clients & Community 🏆 A Group For Coaches & Course Creators', 'https://scontent.fyvr3-1.fna.fbcdn.net/v/t1.0-9/85175340_3072454336100258_9041091460149018624_o.jpg?_nc_cat=104&_nc_sid=825194&_nc_ohc=WRRTGoIdRnwAX_-KvNx&_nc_ht=scontent.fyvr3-1.fna&oh=b3f02285932a4da12e1b83aac9f61afe&oe=5F3308D5', 3, 1, '2020-07-13 22:28:27', '2020-07-24 16:49:14'),
(9, '1616857671786203', 'GroupKit: Technology To Increase Your Group Revenue', 'https://scontent.fbeg7-1.fna.fbcdn.net/v/t1.0-9/92576090_10221758949511436_8816574037615443968_o.jpg?_nc_cat=107&_nc_sid=825194&_nc_ohc=qklN7P5FDQsAX-PHSlx&_nc_ht=scontent.fbeg7-1.fna&oh=d2612e0544ec648382afc12bf2abd386&oe=5F3CBF4A', 5, 1, '2020-07-20 17:59:29', '2020-08-04 20:34:27'),
(10, '1004852129990089', 'Test Group 2 GK', NULL, 6, 1, '2020-07-20 18:08:00', '2020-07-30 04:05:39'),
(11, '782292072290590', 'Clients & Community 🏆 A Group For Coaches & Course Creators', NULL, 3, 1, '2020-07-24 16:49:53', '2020-07-31 23:28:25'),
(12, '782292072290590', 'Clients & Community 🏆 A Group For Coaches & Course Creators', 'https://scontent.fyvr4-1.fna.fbcdn.net/v/t1.0-9/85175340_3072454336100258_9041091460149018624_o.jpg?_nc_cat=104&_nc_sid=825194&_nc_ohc=iKNNgPWv3OMAX-NtuN8&_nc_ht=scontent.fyvr4-1.fna&oh=80f12793096a7293fe87c78c7f02baef&oe=5F42DAD5', 8, 1, '2020-07-24 22:04:26', '2020-07-24 22:15:09'),
(13, '1616857671786203', 'GroupKit: Technology To Increase Your Group Revenue', 'https://scontent.fyvr4-1.fna.fbcdn.net/v/t1.0-9/92576090_10221758949511436_8816574037615443968_o.jpg?_nc_cat=107&_nc_sid=825194&_nc_ohc=E_i_59UjeFIAX9PnHJl&_nc_ht=scontent.fyvr4-1.fna&oh=6159796f9451921747f17711009e05f2&oe=5F40B3CA', 8, 0, '2020-07-24 22:38:42', '2020-07-24 22:38:42'),
(14, '1616857671786203', 'GroupKit: Technology To Increase Your Group Revenue', 'https://scontent.fagc1-2.fna.fbcdn.net/v/t1.0-9/92576090_10221758949511436_8816574037615443968_o.jpg?_nc_cat=107&_nc_sid=825194&_nc_ohc=x_4c_3qvi6kAX-5exSe&_nc_ht=scontent.fagc1-2.fna&oh=bbe142eda8ad7f3e602ca1e9a970e26a&oe=5F44A84A', 12, 0, '2020-07-27 14:19:19', '2020-07-27 14:19:19'),
(15, '782292072290590', 'Clients & Community 🏆 A Group For Coaches & Course Creators', 'https://scontent.fagc1-2.fna.fbcdn.net/v/t1.0-9/85175340_3072454336100258_9041091460149018624_o.jpg?_nc_cat=104&_nc_sid=825194&_nc_ohc=4zojPAMDYF0AX9usCSt&_nc_ht=scontent.fagc1-2.fna&oh=9866d6e71450d8fec0bd7f9351b39897&oe=5F42DAD5', 12, 0, '2020-07-27 14:37:05', '2020-07-27 14:37:05'),
(16, '1004852129990089', 'Test Group 2 GK', NULL, 16, 0, '2020-07-28 04:47:20', '2020-07-28 04:47:20'),
(17, '2318144631827909', 'Test Group 1', NULL, 16, 0, '2020-07-28 04:59:13', '2020-07-28 04:59:13'),
(18, '1616857671786203', 'GroupKit: Technology To Increase Your Group Revenue', 'https://scontent.fyvr1-1.fna.fbcdn.net/v/t1.0-9/92576090_10221758949511436_8816574037615443968_o.jpg?_nc_cat=107&_nc_sid=825194&_nc_ohc=XN-zoxw3Zj8AX-YUdsf&_nc_ht=scontent.fyvr1-1.fna&oh=e710bb8e2ff8128fe8752bf587c43d06&oe=5F489CCA', 6, 0, '2020-07-29 19:34:44', '2020-07-30 03:44:27'),
(19, '782292072290590', 'Clients & Community 🏆 A Group For Coaches & Course Creators', NULL, 3, 0, '2020-07-31 23:30:14', '2020-07-31 23:30:14');

-- --------------------------------------------------------

--
-- Table structure for table `failed_jobs`
--

CREATE TABLE `failed_jobs` (
  `id` bigint(20) UNSIGNED NOT NULL,
  `connection` text COLLATE utf8mb4_unicode_ci NOT NULL,
  `queue` text COLLATE utf8mb4_unicode_ci NOT NULL,
  `payload` longtext COLLATE utf8mb4_unicode_ci NOT NULL,
  `exception` longtext COLLATE utf8mb4_unicode_ci NOT NULL,
  `failed_at` timestamp NOT NULL DEFAULT CURRENT_TIMESTAMP
) ENGINE=MyISAM DEFAULT CHARSET=utf8mb4 COLLATE=utf8mb4_unicode_ci;

-- --------------------------------------------------------

--
-- Table structure for table `group_members`
--

CREATE TABLE `group_members` (
  `id` int(10) UNSIGNED NOT NULL,
  `f_name` varchar(100) COLLATE utf8mb4_unicode_ci DEFAULT NULL,
  `l_name` varchar(100) COLLATE utf8mb4_unicode_ci DEFAULT NULL,
  `email` varchar(100) COLLATE utf8mb4_unicode_ci DEFAULT NULL,
  `fb_id` varchar(100) COLLATE utf8mb4_unicode_ci DEFAULT NULL,
  `a1` varchar(191) COLLATE utf8mb4_unicode_ci DEFAULT NULL,
  `a2` varchar(191) COLLATE utf8mb4_unicode_ci DEFAULT NULL,
  `a3` varchar(191) COLLATE utf8mb4_unicode_ci DEFAULT NULL,
  `notes` text COLLATE utf8mb4_unicode_ci,
  `date_add_time` timestamp NOT NULL DEFAULT CURRENT_TIMESTAMP ON UPDATE CURRENT_TIMESTAMP,
  `respond_status` varchar(191) COLLATE utf8mb4_unicode_ci DEFAULT NULL,
  `tags` text COLLATE utf8mb4_unicode_ci,
  `img` text COLLATE utf8mb4_unicode_ci,
  `user_id` int(10) UNSIGNED NOT NULL,
  `group_id` int(10) UNSIGNED NOT NULL,
  `is_deleted` int(11) NOT NULL DEFAULT '0',
  `created_at` timestamp NULL DEFAULT NULL,
  `updated_at` timestamp NULL DEFAULT NULL
) ENGINE=MyISAM DEFAULT CHARSET=utf8mb4 COLLATE=utf8mb4_unicode_ci;

--
-- Dumping data for table `group_members`
--

INSERT INTO `group_members` (`id`, `f_name`, `l_name`, `email`, `fb_id`, `a1`, `a2`, `a3`, `notes`, `date_add_time`, `respond_status`, `tags`, `img`, `user_id`, `group_id`, `is_deleted`, `created_at`, `updated_at`) VALUES
(4, 'Dev', 'Devloper', 'ajp@gmail.com', '100022526884794', 'ajp@gmail.com', NULL, NULL, NULL, '2020-07-10 05:09:59', 'N/A', '[]', 'https://scontent.famd1-2.fna.fbcdn.net/v/t1.30497-1/cp0/c18.0.60.60a/p60x60/84241059_189132118950875_4138507100605120512_n.jpg?_nc_cat=1&_nc_sid=7206a8&_nc_oc=AQkdWQHo0pf3xxOtO3NghNUbEdEl1X6__mcfSQAP5v5dCMbcBFuGL0HkMEnqNlW0vgYWIUlFiHjxB8LEaSPXQ-aJ&_nc_ht=scontent.famd1-2.fna&oh=ebd4b5c69a822fad3b872339bf8ceb1d&oe=5F2CA1F3', 1, 4, 0, '2020-07-10 05:09:59', '2020-07-10 05:09:59'),
(5, 'Dev', 'Devloper', 'ajp@gmail.com', '100022526884794', 'ajp@gmail.com', NULL, NULL, NULL, '2020-08-10 10:39:19', 'N/A', '[\"Welcome\"]', 'https://scontent.famd1-2.fna.fbcdn.net/v/t1.30497-1/cp0/c18.0.60.60a/p60x60/84241059_189132118950875_4138507100605120512_n.jpg?_nc_cat=1&_nc_sid=7206a8&_nc_oc=AQmctLGNCNvcIS_NH_CeZhTEWq8VsVwfWekAqX_sK3HVjYQ9SlI1OtTlDHRtck4h-v3_q5dgHPL-BqZ3NnX33G8E&_nc_ht=scontent.famd1-2.fna&oh=b71e99c12edefee139e25278c3dd92d1&oe=5F2CA1F3', 1, 5, 0, '2020-07-10 15:08:37', '2020-08-10 10:39:19'),
(6, 'Dev', 'Devloper', NULL, '100022526884794', NULL, NULL, NULL, NULL, '2020-08-05 15:15:45', 'N/A', '[\"test\"]', 'https://scontent.famd1-2.fna.fbcdn.net/v/t1.30497-1/cp0/c18.0.60.60a/p60x60/84241059_189132118950875_4138507100605120512_n.jpg?_nc_cat=1&_nc_sid=7206a8&_nc_oc=AQmctLGNCNvcIS_NH_CeZhTEWq8VsVwfWekAqX_sK3HVjYQ9SlI1OtTlDHRtck4h-v3_q5dgHPL-BqZ3NnX33G8E&_nc_ht=scontent.famd1-2.fna&oh=b71e99c12edefee139e25278c3dd92d1&oe=5F2CA1F3', 1, 6, 0, '2020-07-10 15:12:47', '2020-08-05 15:15:45'),
(7, 'Makk', 'Adesra', NULL, '100011267642460', NULL, NULL, NULL, NULL, '2020-07-10 15:12:47', 'N/A', '[]', 'https://scontent.famd1-2.fna.fbcdn.net/v/t1.0-1/cp0/p60x60/106911869_1125520597833518_676731315726627437_n.jpg?_nc_cat=101&_nc_sid=7206a8&_nc_oc=AQmEEOYKs5G7DGGtMTihQ838o1vFj_e9QwSOSGfgQ2sJv8kTl0ASUC3-2YS3b9ZSpb_2DTk3jLUjUMhF2SuJ4oS2&_nc_ht=scontent.famd1-2.fna&oh=59cdd613ea13d3be4c6045eb0146c2d7&oe=5F2F6F5B', 1, 6, 0, '2020-07-10 15:12:47', '2020-07-10 15:12:47'),
(8, 'Makk', 'Adesra', NULL, '100011267642460', 'asdsad', 'ssad', NULL, NULL, '2020-07-13 16:24:04', 'N/A', '[\"good lead\"]', 'https://scontent.famd5-1.fna.fbcdn.net/v/t1.0-1/cp0/p80x80/106911869_1125520597833518_676731315726627437_n.jpg?_nc_cat=101&_nc_sid=7206a8&_nc_oc=AQliyiQ6Y8aiG8IZwFUVYSSzQFk1D2dYuoYRZPotfLFHoo7TCHmwWyjf7Lp93fSo2M4&_nc_ht=scontent.famd5-1.fna&oh=96222a598445a81aabf425ec70624009&oe=5F310F27', 2, 7, 0, '2020-07-13 08:35:20', '2020-07-13 16:24:04'),
(9, 'Teena', 'Blaydes', NULL, '100004413762449', NULL, NULL, NULL, NULL, '2020-07-13 22:28:27', 'N/A', '[]', 'https://scontent.fyvr3-1.fna.fbcdn.net/v/t1.0-1/p100x100/93804676_1599464776877299_1201503352865685504_o.jpg?_nc_cat=105&_nc_sid=7206a8&_nc_ohc=GLqNXTmLvkAAX8bPcYs&_nc_ht=scontent.fyvr3-1.fna&_nc_tp=6&oh=43cbb0bcba995c09ffd4fb50f557f61f&oe=5F31C2B4', 3, 8, 0, '2020-07-13 22:28:27', '2020-07-13 22:28:27'),
(10, 'Carole', 'Ohm', 'carole@zenappraisals.com', '521088148', 'yes', 'carole@zenappraisals.com', NULL, 'test', '2020-07-20 18:02:09', 'N/A', '[\"tag1\",\"tag2\",\"tag5\",\"edfdfdfdsfds dfdfdfdf\"]', 'https://scontent.fbeg7-1.fna.fbcdn.net/v/t1.0-1/cp0/p50x50/68740994_10157385372573149_6172762796363612160_o.jpg?_nc_cat=106&_nc_sid=7206a8&_nc_ohc=kVH6UpligAoAX-Zw7GJ&_nc_ht=scontent.fbeg7-1.fna&oh=79a754a793d17148d916a27a4aa356fb&oe=5F3A1733', 5, 9, 0, '2020-07-20 17:59:29', '2020-07-20 18:02:09'),
(11, 'Isha', 'Av', NULL, '100001729122381', NULL, NULL, NULL, NULL, '2020-07-21 17:32:16', 'N/A', '[\"call,\"]', NULL, 6, 10, 0, '2020-07-20 18:08:00', '2020-07-21 17:32:16'),
(12, 'Preeti', 'Vakharia', NULL, '100000191798745', NULL, NULL, NULL, NULL, '2020-07-20 18:08:00', 'N/A', '[]', NULL, 6, 10, 0, '2020-07-20 18:08:00', '2020-07-20 18:08:00'),
(13, 'Larab', 'Rehan', NULL, '100052516507108', NULL, NULL, NULL, NULL, '2020-07-20 18:08:00', 'N/A', '[]', NULL, 6, 10, 0, '2020-07-20 18:08:00', '2020-07-20 18:08:00'),
(14, 'Burton', 'Rager', 'burronrager@gmail.com', '100001825344411', 'Yes', 'burronrager@gmail.com', 'NO', NULL, '2020-07-24 16:55:38', 'N/A', '[\"test\",\"test2\",\"test3\"]', 'https://scontent.fyvr4-1.fna.fbcdn.net/v/t1.0-1/c19.19.238.238a/s120x120/383758_234551363282373_1127663855_n.jpg?_nc_cat=104&_nc_sid=7206a8&_nc_ohc=jYDLJlSU-6EAX_-e-dy&_nc_ht=scontent.fyvr4-1.fna&oh=e79adc779edd4c69c39e18226e37b94e&oe=5F40348E', 3, 11, 0, '2020-07-24 16:49:53', '2020-07-24 16:55:38'),
(15, 'Debbie', 'Witty', 'Info@performancesaddlery.com', '100000761313780', 'Aspiring', 'Info@performancesaddlery.com', 'No thank you', NULL, '2020-07-24 22:04:26', 'N/A', '[]', 'https://scontent.fyvr4-1.fna.fbcdn.net/v/t1.0-1/p100x100/53380635_2079930348708989_3950746463457247232_n.jpg?_nc_cat=108&_nc_sid=7206a8&_nc_ohc=QkoaLXzSXqoAX-tGk4b&_nc_ht=scontent.fyvr4-1.fna&_nc_tp=6&oh=d8ed3c8937d0021285451e1051537624&oe=5F4170BE', 8, 12, 0, '2020-07-24 22:04:26', '2020-07-24 22:04:26'),
(16, 'Sherri', 'Somers', 'sherrijstewart@gmail.com', '5022473', 'yes', 'sherrijstewart@gmail.com', NULL, NULL, '2020-07-24 22:39:44', 'N/A', '[\"TEST\"]', 'https://scontent.fyvr4-1.fna.fbcdn.net/v/t1.0-1/p100x100/104416919_10111112202763431_6867523270758428791_n.jpg?_nc_cat=104&_nc_sid=7206a8&_nc_ohc=D6pSkXh7lhoAX_T7Goo&_nc_ht=scontent.fyvr4-1.fna&_nc_tp=6&oh=7060a5ad46260d01212d0ea382b9d6c7&oe=5F40D6AC', 8, 13, 0, '2020-07-24 22:38:42', '2020-07-24 22:39:44'),
(17, 'Jared', 'Barto', NULL, '1582716757', NULL, NULL, NULL, NULL, '2020-07-27 14:19:19', 'N/A', '[]', NULL, 12, 14, 0, '2020-07-27 14:19:19', '2020-07-27 14:19:19'),
(18, 'Brandi', 'Victoria', NULL, '100033860663104', NULL, NULL, NULL, NULL, '2020-07-27 14:19:19', 'N/A', '[]', NULL, 12, 14, 0, '2020-07-27 14:19:19', '2020-07-27 14:19:19'),
(19, 'Tom', 'Macdonald', NULL, '331100968', NULL, NULL, NULL, NULL, '2020-07-27 14:19:19', 'N/A', '[]', NULL, 12, 14, 0, '2020-07-27 14:19:19', '2020-07-27 14:19:19'),
(20, 'Lauren', 'T.', NULL, '1653494415', NULL, NULL, NULL, NULL, '2020-07-27 14:19:19', 'N/A', '[]', NULL, 12, 14, 0, '2020-07-27 14:19:19', '2020-07-27 14:19:19'),
(21, 'Mike', 'Felber', NULL, '643749260', NULL, NULL, NULL, NULL, '2020-07-27 14:19:19', 'N/A', '[]', NULL, 12, 14, 0, '2020-07-27 14:19:19', '2020-07-27 14:19:19'),
(22, 'Raja', 'Vaidya', NULL, '100013523479347', NULL, NULL, NULL, NULL, '2020-07-27 14:19:19', 'N/A', '[]', NULL, 12, 14, 0, '2020-07-27 14:19:19', '2020-07-27 14:19:19'),
(23, 'Joe', 'Hall', NULL, '1323144303', NULL, NULL, NULL, NULL, '2020-07-27 14:19:19', 'N/A', '[]', NULL, 12, 14, 0, '2020-07-27 14:19:19', '2020-07-27 14:19:19'),
(24, 'Donald', 'Castellano', NULL, '694165462', NULL, NULL, NULL, NULL, '2020-07-27 14:19:19', 'N/A', '[]', NULL, 12, 14, 0, '2020-07-27 14:19:19', '2020-07-27 14:19:19'),
(25, 'Tami', 'Pine', NULL, '675166714', NULL, NULL, NULL, NULL, '2020-07-27 14:19:19', 'N/A', '[]', NULL, 12, 14, 0, '2020-07-27 14:19:19', '2020-07-27 14:19:19'),
(26, 'Justin', 'Poulet', NULL, '507689304', NULL, NULL, NULL, NULL, '2020-07-27 14:57:09', 'N/A', '[\"Lead\"]', NULL, 12, 14, 0, '2020-07-27 14:19:19', '2020-07-27 14:57:09'),
(27, 'Shannon', 'Hoverson', NULL, '100004513775338', NULL, NULL, NULL, NULL, '2020-07-27 14:19:19', 'N/A', '[]', NULL, 12, 14, 0, '2020-07-27 14:19:19', '2020-07-27 14:19:19'),
(28, 'Barbara', 'Winter', NULL, '100020339104970', NULL, NULL, NULL, NULL, '2020-07-27 14:19:19', 'N/A', '[]', NULL, 12, 14, 0, '2020-07-27 14:19:19', '2020-07-27 14:19:19'),
(29, 'Tom', 'Merkey', NULL, '100000535603329', NULL, NULL, NULL, NULL, '2020-07-27 14:19:19', 'N/A', '[]', NULL, 12, 14, 0, '2020-07-27 14:19:19', '2020-07-27 14:19:19'),
(30, 'Rob', 'Gough', NULL, '100008760188474', NULL, NULL, NULL, NULL, '2020-07-27 14:19:19', 'N/A', '[]', NULL, 12, 14, 0, '2020-07-27 14:19:19', '2020-07-27 14:19:19'),
(31, 'Mary', 'Hamilton', NULL, '1480582835', NULL, NULL, NULL, NULL, '2020-07-27 14:19:19', 'N/A', '[]', NULL, 12, 14, 0, '2020-07-27 14:19:19', '2020-07-27 14:19:19'),
(32, 'Kayla', 'Goulding', NULL, '550875516', NULL, NULL, NULL, NULL, '2020-07-27 14:19:19', 'N/A', '[]', NULL, 12, 14, 0, '2020-07-27 14:19:19', '2020-07-27 14:19:19'),
(33, 'Tracy', 'Rose', NULL, '664810186', NULL, NULL, NULL, NULL, '2020-07-27 14:19:19', 'N/A', '[]', NULL, 12, 14, 0, '2020-07-27 14:19:19', '2020-07-27 14:19:19'),
(34, 'Chris', 'Vande', NULL, '583355703', NULL, NULL, NULL, NULL, '2020-07-27 14:19:19', 'N/A', '[]', NULL, 12, 14, 0, '2020-07-27 14:19:19', '2020-07-27 14:19:19'),
(35, 'Matthew', 'Shetler', NULL, '675565602', NULL, NULL, NULL, NULL, '2020-07-27 14:19:19', 'N/A', '[]', NULL, 12, 14, 0, '2020-07-27 14:19:19', '2020-07-27 14:19:19'),
(36, 'Landon', 'Stewart', NULL, '100000071653123', NULL, NULL, NULL, NULL, '2020-07-27 14:19:19', 'N/A', '[]', NULL, 12, 14, 0, '2020-07-27 14:19:19', '2020-07-27 14:19:19'),
(37, 'Jessica', 'Waldron', NULL, '513137062', NULL, NULL, NULL, NULL, '2020-07-27 14:19:19', 'N/A', '[]', NULL, 12, 14, 0, '2020-07-27 14:19:19', '2020-07-27 14:19:19'),
(38, 'Jaden', 'Easton', NULL, '601777720', NULL, NULL, NULL, NULL, '2020-07-27 14:19:19', 'N/A', '[]', NULL, 12, 14, 0, '2020-07-27 14:19:19', '2020-07-27 14:19:19'),
(39, 'Mark', 'David', NULL, '1580348165', NULL, NULL, NULL, NULL, '2020-07-27 14:19:19', 'N/A', '[]', NULL, 12, 14, 0, '2020-07-27 14:19:19', '2020-07-27 14:19:19'),
(40, 'Christopher', 'Schroeder', NULL, '100029734157112', NULL, NULL, NULL, NULL, '2020-07-27 14:19:19', 'N/A', '[]', NULL, 12, 14, 0, '2020-07-27 14:19:19', '2020-07-27 14:19:19'),
(41, 'Regina', 'Garvin-Buckley', NULL, '1083705086', NULL, NULL, NULL, NULL, '2020-07-27 14:19:19', 'N/A', '[]', NULL, 12, 14, 0, '2020-07-27 14:19:19', '2020-07-27 14:19:19'),
(42, 'Rob', 'Rammuny', NULL, '100003260905001', NULL, NULL, NULL, NULL, '2020-07-27 14:19:19', 'N/A', '[]', NULL, 12, 14, 0, '2020-07-27 14:19:19', '2020-07-27 14:19:19'),
(43, 'Chris', 'Stapleton', NULL, '1487136913', NULL, NULL, NULL, NULL, '2020-07-27 14:19:19', 'N/A', '[]', NULL, 12, 14, 0, '2020-07-27 14:19:19', '2020-07-27 14:19:19'),
(44, 'Miles', 'Berdache', NULL, '100001085454868', NULL, NULL, NULL, NULL, '2020-07-27 14:19:19', 'N/A', '[]', NULL, 12, 14, 0, '2020-07-27 14:19:19', '2020-07-27 14:19:19'),
(45, 'Mike', 'Metropoulos', NULL, '100004034656561', NULL, NULL, NULL, NULL, '2020-07-27 14:19:19', 'N/A', '[]', NULL, 12, 14, 0, '2020-07-27 14:19:19', '2020-07-27 14:19:19'),
(46, 'William', 'Brown', NULL, '100040510968824', NULL, NULL, NULL, NULL, '2020-07-27 14:19:19', 'N/A', '[]', NULL, 12, 14, 0, '2020-07-27 14:19:19', '2020-07-27 14:19:19'),
(47, 'Dale', 'Briggs', NULL, '1970868366282121', NULL, NULL, NULL, NULL, '2020-07-27 14:19:19', 'N/A', '[]', NULL, 12, 14, 0, '2020-07-27 14:19:19', '2020-07-27 14:19:19'),
(48, 'Jan', 'Fansler', NULL, '1711053065807747', NULL, NULL, NULL, NULL, '2020-07-27 14:19:19', 'N/A', '[]', NULL, 12, 14, 0, '2020-07-27 14:19:19', '2020-07-27 14:19:19'),
(49, 'CodePile', NULL, NULL, '942203902534277', NULL, NULL, NULL, NULL, '2020-07-27 14:19:19', 'N/A', '[]', NULL, 12, 14, 0, '2020-07-27 14:19:19', '2020-07-27 14:19:19'),
(50, 'RG', 'Owen', NULL, '100028614965141', NULL, NULL, NULL, NULL, '2020-07-27 14:23:10', 'N/A', '[]', NULL, 12, 14, 0, '2020-07-27 14:23:10', '2020-07-27 14:23:10'),
(51, 'Jeremy', 'Martin', NULL, '100028160910471', NULL, NULL, NULL, NULL, '2020-07-27 14:23:10', 'N/A', '[]', NULL, 12, 14, 0, '2020-07-27 14:23:10', '2020-07-27 14:23:10'),
(52, 'Dawn', 'Maes', NULL, '100027752294708', NULL, NULL, NULL, NULL, '2020-07-27 14:23:10', 'N/A', '[]', NULL, 12, 14, 0, '2020-07-27 14:23:10', '2020-07-27 14:23:10'),
(53, 'Renee', 'Maree', NULL, '100024297960849', NULL, NULL, NULL, NULL, '2020-07-27 14:23:10', 'N/A', '[]', NULL, 12, 14, 0, '2020-07-27 14:23:10', '2020-07-27 14:23:10'),
(54, 'Willie', 'Matswiri', NULL, '100023150580499', NULL, NULL, NULL, NULL, '2020-07-27 14:23:10', 'N/A', '[]', NULL, 12, 14, 0, '2020-07-27 14:23:10', '2020-07-27 14:23:10'),
(55, 'Seth', 'Russo', NULL, '100021705455621', NULL, NULL, NULL, NULL, '2020-07-27 14:23:10', 'N/A', '[]', NULL, 12, 14, 0, '2020-07-27 14:23:10', '2020-07-27 14:23:10'),
(56, 'Alyssa', 'Rispoli', NULL, '100020564146146', NULL, NULL, NULL, NULL, '2020-07-27 14:23:10', 'N/A', '[]', NULL, 12, 14, 0, '2020-07-27 14:23:10', '2020-07-27 14:23:10'),
(57, 'Zach', 'Sparks', NULL, '100019214347215', NULL, NULL, NULL, NULL, '2020-07-27 14:23:10', 'N/A', '[]', NULL, 12, 14, 0, '2020-07-27 14:23:10', '2020-07-27 14:23:10'),
(58, 'Pete', 'Shi', NULL, '100016073319381', NULL, NULL, NULL, NULL, '2020-07-27 14:23:10', 'N/A', '[]', NULL, 12, 14, 0, '2020-07-27 14:23:10', '2020-07-27 14:23:10'),
(59, 'Heather', 'Alison', NULL, '100014693496862', NULL, NULL, NULL, NULL, '2020-07-27 14:23:10', 'N/A', '[]', NULL, 12, 14, 0, '2020-07-27 14:23:10', '2020-07-27 14:23:10'),
(60, 'MU', 'Sah', NULL, '100013370587137', NULL, NULL, NULL, NULL, '2020-07-27 14:23:10', 'N/A', '[]', NULL, 12, 14, 0, '2020-07-27 14:23:10', '2020-07-27 14:23:10'),
(61, 'Akeh', 'BT', NULL, '100012838038563', NULL, NULL, NULL, NULL, '2020-07-27 14:23:10', 'N/A', '[]', NULL, 12, 14, 0, '2020-07-27 14:23:10', '2020-07-27 14:23:10'),
(62, 'April', 'Hescock', NULL, '100012436154532', NULL, NULL, NULL, NULL, '2020-07-27 14:23:10', 'N/A', '[]', NULL, 12, 14, 0, '2020-07-27 14:23:10', '2020-07-27 14:23:10'),
(63, 'Jenn', 'Murray', NULL, '100011981832365', NULL, NULL, NULL, NULL, '2020-07-27 14:23:10', 'N/A', '[]', NULL, 12, 14, 0, '2020-07-27 14:23:10', '2020-07-27 14:23:10'),
(64, 'Angie', 'Bellino', NULL, '100011540282946', NULL, NULL, NULL, NULL, '2020-07-27 14:23:10', 'N/A', '[]', NULL, 12, 14, 0, '2020-07-27 14:23:10', '2020-07-27 14:23:10'),
(65, 'Shana', 'Carter', NULL, '100011509173211', NULL, NULL, NULL, NULL, '2020-07-27 14:23:10', 'N/A', '[]', NULL, 12, 14, 0, '2020-07-27 14:23:10', '2020-07-27 14:23:10'),
(66, 'Joseph', 'J', NULL, '100011343175018', NULL, NULL, NULL, NULL, '2020-07-27 14:23:10', 'N/A', '[]', NULL, 12, 14, 0, '2020-07-27 14:23:10', '2020-07-27 14:23:10'),
(67, 'Pat', 'Sgro', NULL, '100011328499724', NULL, NULL, NULL, NULL, '2020-07-27 14:23:10', 'N/A', '[]', NULL, 12, 14, 0, '2020-07-27 14:23:10', '2020-07-27 14:23:10'),
(68, 'Clark', 'Davis', NULL, '100011247333364', NULL, NULL, NULL, NULL, '2020-07-27 14:23:10', 'N/A', '[]', NULL, 12, 14, 0, '2020-07-27 14:23:10', '2020-07-27 14:23:10'),
(69, 'Javier', 'Cains', NULL, '100010673431402', NULL, NULL, NULL, NULL, '2020-07-27 14:23:10', 'N/A', '[]', NULL, 12, 14, 0, '2020-07-27 14:23:10', '2020-07-27 14:23:10'),
(70, 'Karim', 'L', NULL, '100009126895454', NULL, NULL, NULL, NULL, '2020-07-27 14:23:10', 'N/A', '[]', NULL, 12, 14, 0, '2020-07-27 14:23:10', '2020-07-27 14:23:10'),
(71, 'Vince', 'Ortega', NULL, '100008308290858', NULL, NULL, NULL, NULL, '2020-07-27 14:23:10', 'N/A', '[]', NULL, 12, 14, 0, '2020-07-27 14:23:10', '2020-07-27 14:23:10'),
(72, 'Charles', 'Portugal', NULL, '100008126524565', NULL, NULL, NULL, NULL, '2020-07-27 14:23:10', 'N/A', '[]', NULL, 12, 14, 0, '2020-07-27 14:23:10', '2020-07-27 14:23:10'),
(73, 'Rana', 'Tin', NULL, '100007915890904', NULL, NULL, NULL, NULL, '2020-07-27 14:23:10', 'N/A', '[]', NULL, 12, 14, 0, '2020-07-27 14:23:10', '2020-07-27 14:23:10'),
(74, 'Charli', 'Brown', NULL, '100007113874067', NULL, NULL, NULL, NULL, '2020-07-27 14:23:10', 'N/A', '[]', NULL, 12, 14, 0, '2020-07-27 14:23:10', '2020-07-27 14:23:10'),
(75, 'Dominick', 'F', NULL, '100006771512971', NULL, NULL, NULL, NULL, '2020-07-27 14:23:10', 'N/A', '[]', NULL, 12, 14, 0, '2020-07-27 14:23:10', '2020-07-27 14:23:10'),
(76, 'George', 'Wickens', NULL, '100006633608566', NULL, NULL, NULL, NULL, '2020-07-27 14:23:10', 'N/A', '[]', NULL, 12, 14, 0, '2020-07-27 14:23:10', '2020-07-27 14:23:10'),
(77, 'Cheryl', 'Spangler', NULL, '100006451849569', NULL, NULL, NULL, NULL, '2020-07-27 14:23:10', 'N/A', '[]', NULL, 12, 14, 0, '2020-07-27 14:23:10', '2020-07-27 14:23:10'),
(78, 'Robert', 'Henderson', NULL, '100005981580251', NULL, NULL, NULL, NULL, '2020-07-27 14:23:10', 'N/A', '[]', NULL, 12, 14, 0, '2020-07-27 14:23:10', '2020-07-27 14:23:10'),
(79, 'Jason', 'Priest', NULL, '100005962533220', NULL, NULL, NULL, NULL, '2020-07-27 14:23:10', 'N/A', '[]', NULL, 12, 14, 0, '2020-07-27 14:23:10', '2020-07-27 14:23:10'),
(80, 'Amanda', 'Bedry', NULL, '100001875658089', NULL, NULL, NULL, NULL, '2020-07-27 14:23:18', 'N/A', '[]', NULL, 12, 14, 0, '2020-07-27 14:23:18', '2020-07-27 14:23:18'),
(81, 'Donna', 'Veronica', NULL, '100000319956176', NULL, NULL, NULL, NULL, '2020-07-27 14:23:18', 'N/A', '[]', NULL, 12, 14, 0, '2020-07-27 14:23:18', '2020-07-27 14:23:18'),
(82, 'Dave', 'Lichtenstein', NULL, '100001807911593', NULL, NULL, NULL, NULL, '2020-07-27 14:23:18', 'N/A', '[]', NULL, 12, 14, 0, '2020-07-27 14:23:18', '2020-07-27 14:23:18'),
(83, 'Shonda', 'White', NULL, '100000161192708', NULL, NULL, NULL, NULL, '2020-07-27 14:23:18', 'N/A', '[]', NULL, 12, 14, 0, '2020-07-27 14:23:18', '2020-07-27 14:23:18'),
(84, 'Brian', 'Smoot', NULL, '100000158078903', NULL, NULL, NULL, NULL, '2020-07-27 14:23:18', 'N/A', '[]', NULL, 12, 14, 0, '2020-07-27 14:23:18', '2020-07-27 14:23:18'),
(85, 'Isha', 'Av', NULL, '100001729122381', NULL, NULL, NULL, NULL, '2020-07-27 14:23:18', 'N/A', '[]', NULL, 12, 14, 0, '2020-07-27 14:23:18', '2020-07-27 14:23:18'),
(86, 'Barbara', 'Kellner-Read', NULL, '100001693231120', NULL, NULL, NULL, NULL, '2020-07-27 14:23:18', 'N/A', '[]', NULL, 12, 14, 0, '2020-07-27 14:23:18', '2020-07-27 14:23:18'),
(87, 'Justin', 'Lofton', NULL, '100000077583533', NULL, NULL, NULL, NULL, '2020-07-27 14:23:18', 'N/A', '[]', NULL, 12, 14, 0, '2020-07-27 14:23:18', '2020-07-27 14:23:18'),
(88, 'Gerard', 'Teague', NULL, '100001686518330', NULL, NULL, NULL, NULL, '2020-07-27 14:23:18', 'N/A', '[]', NULL, 12, 14, 0, '2020-07-27 14:23:18', '2020-07-27 14:23:18'),
(89, 'Christian', 'Escobedo', NULL, '100000075917915', NULL, NULL, NULL, NULL, '2020-07-27 14:23:18', 'N/A', '[]', NULL, 12, 14, 0, '2020-07-27 14:23:18', '2020-07-27 14:23:18'),
(90, 'Marty', 'Human', NULL, '100001683983139', NULL, NULL, NULL, NULL, '2020-07-27 14:23:18', 'N/A', '[]', NULL, 12, 14, 0, '2020-07-27 14:23:18', '2020-07-27 14:23:18'),
(91, 'Olivia', 'U', NULL, '100000070860189', NULL, NULL, NULL, NULL, '2020-07-27 14:23:18', 'N/A', '[]', NULL, 12, 14, 0, '2020-07-27 14:23:18', '2020-07-27 14:23:18'),
(92, 'Hector', 'Gonzalez', NULL, '100001607173824', NULL, NULL, NULL, NULL, '2020-07-27 14:23:18', 'N/A', '[]', NULL, 12, 14, 0, '2020-07-27 14:23:18', '2020-07-27 14:23:18'),
(93, 'Jamiu', 'Oloyede', NULL, '100000067431311', NULL, NULL, NULL, NULL, '2020-07-27 14:23:18', 'N/A', '[]', NULL, 12, 14, 0, '2020-07-27 14:23:18', '2020-07-27 14:23:18'),
(94, 'Jamie', 'Robbins', NULL, '100001501592404', NULL, NULL, NULL, NULL, '2020-07-27 14:23:18', 'N/A', '[]', NULL, 12, 14, 0, '2020-07-27 14:23:18', '2020-07-27 14:23:18'),
(95, 'Joe', 'Barhoumi', NULL, '1846328943', NULL, NULL, NULL, NULL, '2020-07-27 14:23:18', 'N/A', '[]', NULL, 12, 14, 0, '2020-07-27 14:23:18', '2020-07-27 14:23:18'),
(96, 'Sariel', 'Mazuz', NULL, '1829337344', NULL, NULL, NULL, NULL, '2020-07-27 14:23:18', 'N/A', '[]', NULL, 12, 14, 0, '2020-07-27 14:23:18', '2020-07-27 14:23:18'),
(97, 'Trevor', 'Briggs', NULL, '100001414620383', NULL, NULL, NULL, NULL, '2020-07-27 14:23:18', 'N/A', '[]', NULL, 12, 14, 0, '2020-07-27 14:23:18', '2020-07-27 14:23:18'),
(98, 'Jason', 'Jurgens', NULL, '1817410203', NULL, NULL, NULL, NULL, '2020-07-27 14:23:18', 'N/A', '[]', NULL, 12, 14, 0, '2020-07-27 14:23:18', '2020-07-27 14:23:18'),
(99, 'Ellyna', 'Starre', NULL, '100001387732670', NULL, NULL, NULL, NULL, '2020-07-27 14:23:18', 'N/A', '[]', NULL, 12, 14, 0, '2020-07-27 14:23:18', '2020-07-27 14:23:18'),
(100, 'Kiley', 'T', NULL, '100001214734781', NULL, NULL, NULL, NULL, '2020-07-27 14:23:18', 'N/A', '[]', NULL, 12, 14, 0, '2020-07-27 14:23:18', '2020-07-27 14:23:18'),
(101, 'Sandhan', 'U', NULL, '1812017732', NULL, NULL, NULL, NULL, '2020-07-27 14:23:18', 'N/A', '[]', NULL, 12, 14, 0, '2020-07-27 14:23:18', '2020-07-27 14:23:18'),
(102, 'Ben', 'Gower', NULL, '100001111880049', NULL, NULL, NULL, NULL, '2020-07-27 14:23:18', 'N/A', '[]', NULL, 12, 14, 0, '2020-07-27 14:23:18', '2020-07-27 14:23:18'),
(103, 'Tyler', 'Tashiro', NULL, '1808319482', NULL, NULL, NULL, NULL, '2020-07-27 14:23:18', 'N/A', '[]', NULL, 12, 14, 0, '2020-07-27 14:23:18', '2020-07-27 14:23:18'),
(104, 'Roisin', 'H', NULL, '100001035064033', NULL, NULL, NULL, NULL, '2020-07-27 14:23:18', 'N/A', '[]', NULL, 12, 14, 0, '2020-07-27 14:23:18', '2020-07-27 14:23:18'),
(105, 'Scott', 'Turner', NULL, '1798304727', NULL, NULL, NULL, NULL, '2020-07-27 14:23:18', 'N/A', '[]', NULL, 12, 14, 0, '2020-07-27 14:23:18', '2020-07-27 14:23:18'),
(106, 'Rowdy', 'Roque', NULL, '100001015398759', NULL, NULL, NULL, NULL, '2020-07-27 14:23:18', 'N/A', '[]', NULL, 12, 14, 0, '2020-07-27 14:23:18', '2020-07-27 14:23:18'),
(107, 'Jon', 'Kapity', NULL, '1784375753', NULL, NULL, NULL, NULL, '2020-07-27 14:23:18', 'N/A', '[]', NULL, 12, 14, 0, '2020-07-27 14:23:18', '2020-07-27 14:23:18'),
(108, 'Rick', 'Lowrie', NULL, '100001007969019', NULL, NULL, NULL, NULL, '2020-07-27 14:23:18', 'N/A', '[]', NULL, 12, 14, 0, '2020-07-27 14:23:18', '2020-07-27 14:23:18'),
(109, 'TJ', 'Barker', NULL, '1751071644', NULL, NULL, NULL, NULL, '2020-07-27 14:23:18', 'N/A', '[]', NULL, 12, 14, 0, '2020-07-27 14:23:18', '2020-07-27 14:23:18'),
(110, 'Tim', 'Schoenberg', NULL, '1738429331', NULL, NULL, NULL, NULL, '2020-07-27 14:23:18', 'N/A', '[]', NULL, 12, 14, 0, '2020-07-27 14:23:18', '2020-07-27 14:23:18'),
(111, 'Rc', 'Simon', NULL, '100000939348048', NULL, NULL, NULL, NULL, '2020-07-27 14:23:18', 'N/A', '[]', NULL, 12, 14, 0, '2020-07-27 14:23:18', '2020-07-27 14:23:18'),
(112, 'Amelia', 'Thomas', NULL, '100000901074440', NULL, NULL, NULL, NULL, '2020-07-27 14:23:18', 'N/A', '[]', NULL, 12, 14, 0, '2020-07-27 14:23:18', '2020-07-27 14:23:18'),
(113, 'Aimee', 'Devlin', NULL, '1659914738', NULL, NULL, NULL, NULL, '2020-07-27 14:23:18', 'N/A', '[]', NULL, 12, 14, 0, '2020-07-27 14:23:18', '2020-07-27 14:23:18'),
(114, 'Marina', 'Lukež', NULL, '1659731732', NULL, NULL, NULL, NULL, '2020-07-27 14:23:18', 'N/A', '[]', NULL, 12, 14, 0, '2020-07-27 14:23:18', '2020-07-27 14:23:18'),
(115, 'Sara', 'Smile', NULL, '100000889735890', NULL, NULL, NULL, NULL, '2020-07-27 14:23:18', 'N/A', '[]', NULL, 12, 14, 0, '2020-07-27 14:23:18', '2020-07-27 14:23:18'),
(116, 'Kito', 'J.', NULL, '1635890528', NULL, NULL, NULL, NULL, '2020-07-27 14:23:18', 'N/A', '[]', NULL, 12, 14, 0, '2020-07-27 14:23:18', '2020-07-27 14:23:18'),
(117, 'Nate', 'Forrest', NULL, '100000833319779', NULL, NULL, NULL, NULL, '2020-07-27 14:23:18', 'N/A', '[]', NULL, 12, 14, 0, '2020-07-27 14:23:18', '2020-07-27 14:23:18'),
(118, 'Erin', 'Haft', NULL, '1610856754', NULL, NULL, NULL, NULL, '2020-07-27 14:23:18', 'N/A', '[]', NULL, 12, 14, 0, '2020-07-27 14:23:18', '2020-07-27 14:23:18'),
(119, 'Ty', 'Cohen', NULL, '100000733213896', NULL, NULL, NULL, NULL, '2020-07-27 14:23:18', 'N/A', '[]', NULL, 12, 14, 0, '2020-07-27 14:23:18', '2020-07-27 14:23:18'),
(120, 'Leah', 'Lowe', NULL, '1598899843', NULL, NULL, NULL, NULL, '2020-07-27 14:23:18', 'N/A', '[]', NULL, 12, 14, 0, '2020-07-27 14:23:18', '2020-07-27 14:23:18'),
(121, 'Tim', 'Beachum', NULL, '100000716393678', NULL, NULL, NULL, NULL, '2020-07-27 14:23:18', 'N/A', '[]', NULL, 12, 14, 0, '2020-07-27 14:23:18', '2020-07-27 14:23:18'),
(122, 'Jeffrey', 'Judge', NULL, '1595936692', NULL, NULL, NULL, NULL, '2020-07-27 14:23:18', 'N/A', '[]', NULL, 12, 14, 0, '2020-07-27 14:23:18', '2020-07-27 14:23:18'),
(123, 'Aliyah', 'Dastour', NULL, '100000648908278', NULL, NULL, NULL, NULL, '2020-07-27 14:23:18', 'N/A', '[]', NULL, 12, 14, 0, '2020-07-27 14:23:18', '2020-07-27 14:23:18'),
(124, 'Kristi', 'Human', NULL, '1588776010', NULL, NULL, NULL, NULL, '2020-07-27 14:23:18', 'N/A', '[]', NULL, 12, 14, 0, '2020-07-27 14:23:18', '2020-07-27 14:23:18'),
(125, 'Dylan', 'W', NULL, '100000606153867', NULL, NULL, NULL, NULL, '2020-07-27 14:23:18', 'N/A', '[]', NULL, 12, 14, 0, '2020-07-27 14:23:18', '2020-07-27 14:23:18'),
(126, 'Ericka', 'Sims-Bell', NULL, '1569221346', NULL, NULL, NULL, NULL, '2020-07-27 14:23:18', 'N/A', '[]', NULL, 12, 14, 0, '2020-07-27 14:23:18', '2020-07-27 14:23:18'),
(127, 'Christine', 'Pollard', NULL, '100000584084167', NULL, NULL, NULL, NULL, '2020-07-27 14:23:18', 'N/A', '[]', NULL, 12, 14, 0, '2020-07-27 14:23:18', '2020-07-27 14:23:18'),
(128, 'Marcia', 'Bench', NULL, '1537024170', NULL, NULL, NULL, NULL, '2020-07-27 14:23:18', 'N/A', '[]', NULL, 12, 14, 0, '2020-07-27 14:23:18', '2020-07-27 14:23:18'),
(129, 'Ken', 'Pringle', NULL, '100000559146328', NULL, NULL, NULL, NULL, '2020-07-27 14:23:18', 'N/A', '[]', NULL, 12, 14, 0, '2020-07-27 14:23:18', '2020-07-27 14:23:18'),
(130, 'Yassin', 'Bidaoui', NULL, '1510346477', NULL, NULL, NULL, NULL, '2020-07-27 14:23:18', 'N/A', '[]', NULL, 12, 14, 0, '2020-07-27 14:23:18', '2020-07-27 14:23:18'),
(131, 'Mccane', 'Hannon', NULL, '100000490489604', NULL, NULL, NULL, NULL, '2020-07-27 14:23:19', 'N/A', '[]', NULL, 12, 14, 0, '2020-07-27 14:23:19', '2020-07-27 14:23:19'),
(132, 'Rob', 'Hernandez', NULL, '1501536286', NULL, NULL, NULL, NULL, '2020-07-27 14:23:19', 'N/A', '[]', NULL, 12, 14, 0, '2020-07-27 14:23:19', '2020-07-27 14:23:19'),
(133, 'Sundey', 'Gardner', NULL, '100000487089931', NULL, NULL, NULL, NULL, '2020-07-27 14:23:19', 'N/A', '[]', NULL, 12, 14, 0, '2020-07-27 14:23:19', '2020-07-27 14:23:19'),
(134, 'Mike', 'Hobbs', NULL, '1483708147', NULL, NULL, NULL, NULL, '2020-07-27 14:23:19', 'N/A', '[]', NULL, 12, 14, 0, '2020-07-27 14:23:19', '2020-07-27 14:23:19'),
(135, 'Ben', 'Gregory', NULL, '100000479646823', NULL, NULL, NULL, NULL, '2020-07-27 14:23:19', 'N/A', '[]', NULL, 12, 14, 0, '2020-07-27 14:23:19', '2020-07-27 14:23:19'),
(136, 'Joy', 'Graves', NULL, '1475331585', NULL, NULL, NULL, NULL, '2020-07-27 14:23:19', 'N/A', '[]', NULL, 12, 14, 0, '2020-07-27 14:23:19', '2020-07-27 14:23:19'),
(137, 'Alex', 'Maunu', NULL, '100000367341689', NULL, NULL, NULL, NULL, '2020-07-27 14:23:19', 'N/A', '[]', NULL, 12, 14, 0, '2020-07-27 14:23:19', '2020-07-27 14:23:19'),
(138, 'Danielle', 'Rogers', NULL, '1470745815', NULL, NULL, NULL, NULL, '2020-07-27 14:23:19', 'N/A', '[]', NULL, 12, 14, 0, '2020-07-27 14:23:19', '2020-07-27 14:23:19'),
(139, 'Marquel', 'Chill', NULL, '100000349333495', NULL, NULL, NULL, NULL, '2020-07-27 14:23:19', 'N/A', '[]', NULL, 12, 14, 0, '2020-07-27 14:23:19', '2020-07-27 14:23:19'),
(140, 'David', 'Huckaby', NULL, '1469642214', NULL, NULL, NULL, NULL, '2020-07-27 14:23:19', 'N/A', '[]', NULL, 12, 14, 0, '2020-07-27 14:23:19', '2020-07-27 14:23:19'),
(141, 'Christian', 'Phillip', NULL, '1460894829', NULL, NULL, NULL, NULL, '2020-07-27 14:23:19', 'N/A', '[]', NULL, 12, 14, 0, '2020-07-27 14:23:19', '2020-07-27 14:23:19'),
(142, 'Kevin', 'Murchison', NULL, '1443514694', NULL, NULL, NULL, NULL, '2020-07-27 14:23:19', 'N/A', '[]', NULL, 12, 14, 0, '2020-07-27 14:23:19', '2020-07-27 14:23:19'),
(143, 'Joseph', 'Aaron', NULL, '1443513532', NULL, NULL, NULL, NULL, '2020-07-27 14:23:19', 'N/A', '[]', NULL, 12, 14, 0, '2020-07-27 14:23:19', '2020-07-27 14:23:19'),
(144, 'Marguerita', 'Vorobioff', NULL, '1435107710', NULL, NULL, NULL, NULL, '2020-07-27 14:23:19', 'N/A', '[]', NULL, 12, 14, 0, '2020-07-27 14:23:19', '2020-07-27 14:23:19'),
(145, 'Casey', 'Corbin', NULL, '1431724999', NULL, NULL, NULL, NULL, '2020-07-27 14:23:19', 'N/A', '[]', NULL, 12, 14, 0, '2020-07-27 14:23:19', '2020-07-27 14:23:19'),
(146, 'Brooke', 'Heki', NULL, '1429886499', NULL, NULL, NULL, NULL, '2020-07-27 14:23:19', 'N/A', '[]', NULL, 12, 14, 0, '2020-07-27 14:23:19', '2020-07-27 14:23:19'),
(147, 'Mark', 'Dollan', NULL, '1423695104', NULL, NULL, NULL, NULL, '2020-07-27 14:23:19', 'N/A', '[]', NULL, 12, 14, 0, '2020-07-27 14:23:19', '2020-07-27 14:23:19'),
(148, 'Brady', 'McCarty', NULL, '1422982143', NULL, NULL, NULL, NULL, '2020-07-27 14:23:19', 'N/A', '[]', NULL, 12, 14, 0, '2020-07-27 14:23:19', '2020-07-27 14:23:19'),
(149, 'Tracy', 'Swain', NULL, '1422543132', NULL, NULL, NULL, NULL, '2020-07-27 14:23:19', 'N/A', '[]', NULL, 12, 14, 0, '2020-07-27 14:23:19', '2020-07-27 14:23:19'),
(150, 'Tameka', 'Bryant', NULL, '1415209591', NULL, NULL, NULL, NULL, '2020-07-27 14:23:19', 'N/A', '[]', NULL, 12, 14, 0, '2020-07-27 14:23:19', '2020-07-27 14:23:19'),
(151, 'Elliott', 'Rashed', NULL, '1414471527', NULL, NULL, NULL, NULL, '2020-07-27 14:23:19', 'N/A', '[]', NULL, 12, 14, 0, '2020-07-27 14:23:19', '2020-07-27 14:23:19'),
(152, 'David', 'Whalley', NULL, '1412964811', NULL, NULL, NULL, NULL, '2020-07-27 14:23:19', 'N/A', '[]', NULL, 12, 14, 0, '2020-07-27 14:23:19', '2020-07-27 14:23:19'),
(153, 'Robin', 'Rounds', NULL, '1398241952', NULL, NULL, NULL, NULL, '2020-07-27 14:23:19', 'N/A', '[]', NULL, 12, 14, 0, '2020-07-27 14:23:19', '2020-07-27 14:23:19'),
(154, 'Grant', 'Murray', NULL, '1394984016', NULL, NULL, NULL, NULL, '2020-07-27 14:23:19', 'N/A', '[]', NULL, 12, 14, 0, '2020-07-27 14:23:19', '2020-07-27 14:23:19'),
(155, 'Taylor', 'Thompson', NULL, '1394464693', NULL, NULL, NULL, NULL, '2020-07-27 14:23:19', 'N/A', '[]', NULL, 12, 14, 0, '2020-07-27 14:23:19', '2020-07-27 14:23:19'),
(156, 'Jody', 'Reynolds', NULL, '1377836556', NULL, NULL, NULL, NULL, '2020-07-27 14:23:19', 'N/A', '[]', NULL, 12, 14, 0, '2020-07-27 14:23:19', '2020-07-27 14:23:19'),
(157, 'Alaina', 'Rupe', NULL, '1375977780', NULL, NULL, NULL, NULL, '2020-07-27 14:23:19', 'N/A', '[]', NULL, 12, 14, 0, '2020-07-27 14:23:19', '2020-07-27 14:23:19'),
(158, 'Jackie', 'O', NULL, '1375673045', NULL, NULL, NULL, NULL, '2020-07-27 14:23:19', 'N/A', '[]', NULL, 12, 14, 0, '2020-07-27 14:23:19', '2020-07-27 14:23:19'),
(159, 'Pam', 'Middleton', NULL, '1373596731', NULL, NULL, NULL, NULL, '2020-07-27 14:23:19', 'N/A', '[]', NULL, 12, 14, 0, '2020-07-27 14:23:19', '2020-07-27 14:23:19'),
(160, 'Maximilian', 'Blomqvist', NULL, '1371405072', NULL, NULL, NULL, NULL, '2020-07-27 14:23:19', 'N/A', '[]', NULL, 12, 14, 0, '2020-07-27 14:23:19', '2020-07-27 14:23:19'),
(161, 'Dylan', 'Renfro', NULL, '1368380658', NULL, NULL, NULL, NULL, '2020-07-27 14:23:19', 'N/A', '[]', NULL, 12, 14, 0, '2020-07-27 14:23:19', '2020-07-27 14:23:19'),
(162, 'Amy', 'K', NULL, '1350220574', NULL, NULL, NULL, NULL, '2020-07-27 14:23:19', 'N/A', '[]', NULL, 12, 14, 0, '2020-07-27 14:23:19', '2020-07-27 14:23:19'),
(163, 'Necia', 'Baabs', NULL, '1346241444', NULL, NULL, NULL, NULL, '2020-07-27 14:23:19', 'N/A', '[]', NULL, 12, 14, 0, '2020-07-27 14:23:19', '2020-07-27 14:23:19'),
(164, 'Charles', 'Glover', NULL, '1342556565', NULL, NULL, NULL, NULL, '2020-07-27 14:23:19', 'N/A', '[]', NULL, 12, 14, 0, '2020-07-27 14:23:19', '2020-07-27 14:23:19'),
(165, 'Kathy', 'Mattoon', NULL, '1341151839', NULL, NULL, NULL, NULL, '2020-07-27 14:23:19', 'N/A', '[]', NULL, 12, 14, 0, '2020-07-27 14:23:19', '2020-07-27 14:23:19'),
(166, 'Jessie', 'Mercado', NULL, '1313576843', NULL, NULL, NULL, NULL, '2020-07-27 14:23:19', 'N/A', '[]', NULL, 12, 14, 0, '2020-07-27 14:23:19', '2020-07-27 14:23:19'),
(167, 'Andrew', 'Sherratt', NULL, '1312122584', NULL, NULL, NULL, NULL, '2020-07-27 14:23:19', 'N/A', '[]', NULL, 12, 14, 0, '2020-07-27 14:23:19', '2020-07-27 14:23:19'),
(168, 'Lisa', 'Robinton', NULL, '1303491177', NULL, NULL, NULL, NULL, '2020-07-27 14:23:19', 'N/A', '[]', NULL, 12, 14, 0, '2020-07-27 14:23:19', '2020-07-27 14:23:19'),
(169, 'Freddie', 'Palomarez', NULL, '1303435327', NULL, NULL, NULL, NULL, '2020-07-27 14:23:19', 'N/A', '[]', NULL, 12, 14, 0, '2020-07-27 14:23:19', '2020-07-27 14:23:19'),
(170, 'Tanya', 'Pospical', NULL, '1064297187', NULL, NULL, NULL, NULL, '2020-07-27 14:26:22', 'N/A', '[]', NULL, 12, 14, 0, '2020-07-27 14:26:22', '2020-07-27 14:26:22'),
(171, 'Angela', 'Aloisio', NULL, '1056817907', NULL, NULL, NULL, NULL, '2020-07-27 14:26:36', 'N/A', '[]', NULL, 12, 14, 0, '2020-07-27 14:26:37', '2020-07-27 14:26:37'),
(172, 'Samantha', 'Jane', NULL, '1052481156', NULL, NULL, NULL, NULL, '2020-07-27 14:26:51', 'N/A', '[]', NULL, 12, 14, 0, '2020-07-27 14:26:52', '2020-07-27 14:26:52'),
(173, 'Roe', 'Fisher', NULL, '1047919915', NULL, NULL, NULL, NULL, '2020-07-27 14:27:03', 'N/A', '[]', NULL, 12, 14, 0, '2020-07-27 14:27:03', '2020-07-27 14:27:03'),
(174, 'Caroline', 'Wiseman', NULL, '1047543705', NULL, NULL, NULL, NULL, '2020-07-27 14:27:23', 'N/A', '[]', NULL, 12, 14, 0, '2020-07-27 14:27:24', '2020-07-27 14:27:24'),
(175, 'Kyliee', 'X.', NULL, '1032856064', NULL, NULL, NULL, NULL, '2020-07-27 14:27:40', 'N/A', '[]', NULL, 12, 14, 0, '2020-07-27 14:27:40', '2020-07-27 14:27:40'),
(176, 'Deekron', 'Krikorian', NULL, '1032120361', NULL, NULL, NULL, NULL, '2020-07-27 14:27:57', 'N/A', '[]', NULL, 12, 14, 0, '2020-07-27 14:27:57', '2020-07-27 14:27:57'),
(177, 'Michael', 'Duivis', NULL, '1027522146', NULL, NULL, NULL, NULL, '2020-07-27 14:28:55', 'N/A', '[]', NULL, 12, 14, 0, '2020-07-27 14:28:57', '2020-07-27 14:28:57'),
(178, 'Mike', 'Maunu', NULL, '1027096507', NULL, NULL, NULL, NULL, '2020-07-27 14:30:19', 'N/A', '[]', NULL, 12, 14, 0, '2020-07-27 14:30:19', '2020-07-27 14:30:19'),
(179, 'Cathy', 'Osborn', NULL, '1022164564', NULL, NULL, NULL, NULL, '2020-07-27 14:30:20', 'N/A', '[]', NULL, 12, 14, 0, '2020-07-27 14:30:20', '2020-07-27 14:30:20'),
(180, 'Denise', 'Springmeyer', NULL, '1017235561', NULL, NULL, NULL, NULL, '2020-07-27 14:30:20', 'N/A', '[]', NULL, 12, 14, 0, '2020-07-27 14:30:20', '2020-07-27 14:30:20'),
(181, 'Veer', 'Arora', NULL, '1014338937', NULL, NULL, NULL, NULL, '2020-07-27 14:30:20', 'N/A', '[]', NULL, 12, 14, 0, '2020-07-27 14:30:20', '2020-07-27 14:30:20'),
(182, 'Ed', 'Ouano', NULL, '1011701651', NULL, NULL, NULL, NULL, '2020-07-27 14:30:20', 'N/A', '[]', NULL, 12, 14, 0, '2020-07-27 14:30:20', '2020-07-27 14:30:20'),
(183, 'Yianni', 'Marlas', NULL, '1005183935', NULL, NULL, NULL, NULL, '2020-07-27 14:30:20', 'N/A', '[]', NULL, 12, 14, 0, '2020-07-27 14:30:20', '2020-07-27 14:30:20'),
(184, 'Rob', 'Fore', NULL, '1003851074', NULL, NULL, NULL, NULL, '2020-07-27 14:30:20', 'N/A', '[]', NULL, 12, 14, 0, '2020-07-27 14:30:20', '2020-07-27 14:30:20'),
(185, 'Sandra', 'Joy', NULL, '1000542663', NULL, NULL, NULL, NULL, '2020-07-27 14:30:20', 'N/A', '[]', NULL, 12, 14, 0, '2020-07-27 14:30:20', '2020-07-27 14:30:20'),
(186, 'Laurie', 'A.', NULL, '1000490750', NULL, NULL, NULL, NULL, '2020-07-27 14:30:20', 'N/A', '[]', NULL, 12, 14, 0, '2020-07-27 14:30:20', '2020-07-27 14:30:20'),
(187, 'Elisa', 'Van', NULL, '902085376', NULL, NULL, NULL, NULL, '2020-07-27 14:30:20', 'N/A', '[]', NULL, 12, 14, 0, '2020-07-27 14:30:20', '2020-07-27 14:30:20'),
(188, 'Johnny', 'Leeson', NULL, '895655034', NULL, NULL, NULL, NULL, '2020-07-27 14:30:20', 'N/A', '[]', NULL, 12, 14, 0, '2020-07-27 14:30:20', '2020-07-27 14:30:20'),
(189, 'Mick', 'Lolekonda', NULL, '889300286', NULL, NULL, NULL, NULL, '2020-07-27 14:30:20', 'N/A', '[]', NULL, 12, 14, 0, '2020-07-27 14:30:20', '2020-07-27 14:30:20'),
(190, 'Omar', 'Elattar', NULL, '851600623', NULL, NULL, NULL, NULL, '2020-07-27 14:30:20', 'N/A', '[]', NULL, 12, 14, 0, '2020-07-27 14:30:20', '2020-07-27 14:30:20'),
(191, 'Alexandra', 'Favero', NULL, '851295289', NULL, NULL, NULL, NULL, '2020-07-27 14:30:20', 'N/A', '[]', NULL, 12, 14, 0, '2020-07-27 14:30:20', '2020-07-27 14:30:20'),
(192, 'Cori', 'Perez', NULL, '839345208', NULL, NULL, NULL, NULL, '2020-07-27 14:30:20', 'N/A', '[]', NULL, 12, 14, 0, '2020-07-27 14:30:20', '2020-07-27 14:30:20'),
(193, 'Sasha', 'A', NULL, '832862415', NULL, NULL, NULL, NULL, '2020-07-27 14:30:20', 'N/A', '[]', NULL, 12, 14, 0, '2020-07-27 14:30:20', '2020-07-27 14:30:20'),
(194, 'Eli', 'Sanchez', NULL, '831228887', NULL, NULL, NULL, NULL, '2020-07-27 14:30:20', 'N/A', '[]', NULL, 12, 14, 0, '2020-07-27 14:30:20', '2020-07-27 14:30:20'),
(195, 'Shelly', 'Yorgesen', NULL, '827342659', NULL, NULL, NULL, NULL, '2020-07-27 14:30:20', 'N/A', '[]', NULL, 12, 14, 0, '2020-07-27 14:30:20', '2020-07-27 14:30:20'),
(196, 'Renee', 'Bowen', NULL, '819059665', NULL, NULL, NULL, NULL, '2020-07-27 14:30:20', 'N/A', '[]', NULL, 12, 14, 0, '2020-07-27 14:30:20', '2020-07-27 14:30:20'),
(197, 'Katherine', 'Forbes', NULL, '814159337', NULL, NULL, NULL, NULL, '2020-07-27 14:30:20', 'N/A', '[]', NULL, 12, 14, 0, '2020-07-27 14:30:20', '2020-07-27 14:30:20'),
(198, 'Hannah', 'Kim', NULL, '799460654', NULL, NULL, NULL, NULL, '2020-07-27 14:30:20', 'N/A', '[]', NULL, 12, 14, 0, '2020-07-27 14:30:20', '2020-07-27 14:30:20'),
(199, 'Michael', 'Pluszek', NULL, '799299307', NULL, NULL, NULL, NULL, '2020-07-27 14:30:20', 'N/A', '[]', NULL, 12, 14, 0, '2020-07-27 14:30:20', '2020-07-27 14:30:20'),
(200, 'Kirra', 'Collins', NULL, '655230152', NULL, NULL, NULL, NULL, '2020-07-27 14:30:20', 'N/A', '[]', NULL, 12, 14, 0, '2020-07-27 14:30:20', '2020-07-27 14:30:20'),
(201, 'Tarin', 'Ward', NULL, '649101793', NULL, NULL, NULL, NULL, '2020-07-27 14:30:20', 'N/A', '[]', NULL, 12, 14, 0, '2020-07-27 14:30:20', '2020-07-27 14:30:20'),
(202, 'Tara', 'E', NULL, '648305943', NULL, NULL, NULL, NULL, '2020-07-27 14:30:20', 'N/A', '[]', NULL, 12, 14, 0, '2020-07-27 14:30:20', '2020-07-27 14:30:20'),
(203, 'Maya', 'Z', NULL, '647915737', NULL, NULL, NULL, NULL, '2020-07-27 14:30:20', 'N/A', '[]', NULL, 12, 14, 0, '2020-07-27 14:30:20', '2020-07-27 14:30:20'),
(204, 'Alejandro', 'Illera', NULL, '644596518', NULL, NULL, NULL, NULL, '2020-07-27 14:30:20', 'N/A', '[]', NULL, 12, 14, 0, '2020-07-27 14:30:20', '2020-07-27 14:30:20'),
(205, 'Krista', 'Hoffpauir', NULL, '636334307', NULL, NULL, NULL, NULL, '2020-07-27 14:30:20', 'N/A', '[]', NULL, 12, 14, 0, '2020-07-27 14:30:20', '2020-07-27 14:30:20'),
(206, 'David', 'Charon', NULL, '633343270', NULL, NULL, NULL, NULL, '2020-07-27 14:30:20', 'N/A', '[]', NULL, 12, 14, 0, '2020-07-27 14:30:20', '2020-07-27 14:30:20'),
(207, 'Melissa', 'Fiori', NULL, '630368198', NULL, NULL, NULL, NULL, '2020-07-27 14:30:20', 'N/A', '[]', NULL, 12, 14, 0, '2020-07-27 14:30:20', '2020-07-27 14:30:20'),
(208, 'Alayna', 'W', NULL, '625512835', NULL, NULL, NULL, NULL, '2020-07-27 14:30:20', 'N/A', '[]', NULL, 12, 14, 0, '2020-07-27 14:30:20', '2020-07-27 14:30:20'),
(209, 'Nadia', 'Js', NULL, '624260241', NULL, NULL, NULL, NULL, '2020-07-27 14:30:20', 'N/A', '[]', NULL, 12, 14, 0, '2020-07-27 14:30:20', '2020-07-27 14:30:20'),
(210, 'Simon', 'Bensaidy', NULL, '621887633', NULL, NULL, NULL, NULL, '2020-07-27 14:30:20', 'N/A', '[]', NULL, 12, 14, 0, '2020-07-27 14:30:20', '2020-07-27 14:30:20'),
(211, 'Felicia', 'Kleopfer', NULL, '618929502', NULL, NULL, NULL, NULL, '2020-07-27 14:30:20', 'N/A', '[]', NULL, 12, 14, 0, '2020-07-27 14:30:20', '2020-07-27 14:30:20'),
(212, 'Deb', 'Willder', NULL, '617999396', NULL, NULL, NULL, NULL, '2020-07-27 14:30:20', 'N/A', '[]', NULL, 12, 14, 0, '2020-07-27 14:30:20', '2020-07-27 14:30:20'),
(213, 'Jamar', 'James', NULL, '617730985', NULL, NULL, NULL, NULL, '2020-07-27 14:30:20', 'N/A', '[]', NULL, 12, 14, 0, '2020-07-27 14:30:20', '2020-07-27 14:30:20'),
(214, 'Dorota', 'Antoszkiewicz', NULL, '612885941', NULL, NULL, NULL, NULL, '2020-07-27 14:30:20', 'N/A', '[]', NULL, 12, 14, 0, '2020-07-27 14:30:20', '2020-07-27 14:30:20'),
(215, 'David', 'Maynard', NULL, '606790766', NULL, NULL, NULL, NULL, '2020-07-27 14:30:20', 'N/A', '[]', NULL, 12, 14, 0, '2020-07-27 14:30:20', '2020-07-27 14:30:20'),
(216, 'Balazs', 'W', NULL, '604925696', NULL, NULL, NULL, NULL, '2020-07-27 14:30:20', 'N/A', '[]', NULL, 12, 14, 0, '2020-07-27 14:30:20', '2020-07-27 14:30:20'),
(217, 'Maria', 'Micaela', NULL, '603810827', NULL, NULL, NULL, NULL, '2020-07-27 14:30:20', 'N/A', '[]', NULL, 12, 14, 0, '2020-07-27 14:30:20', '2020-07-27 14:30:20'),
(218, 'Zsuzsi', 'Gero', NULL, '599127720', NULL, NULL, NULL, NULL, '2020-07-27 14:30:20', 'N/A', '[]', NULL, 12, 14, 0, '2020-07-27 14:30:20', '2020-07-27 14:30:20'),
(219, 'Adam', 'Potts', NULL, '588103144', NULL, NULL, NULL, NULL, '2020-07-27 14:30:20', 'N/A', '[]', NULL, 12, 14, 0, '2020-07-27 14:30:20', '2020-07-27 14:30:20'),
(220, 'Marc', 'Hennes', NULL, '582117867', NULL, NULL, NULL, NULL, '2020-07-27 14:30:20', 'N/A', '[]', NULL, 12, 14, 0, '2020-07-27 14:30:20', '2020-07-27 14:30:20'),
(221, 'Christi', 'Smither', NULL, '580528441', NULL, NULL, NULL, NULL, '2020-07-27 14:30:20', 'N/A', '[]', NULL, 12, 14, 0, '2020-07-27 14:30:20', '2020-07-27 14:30:20'),
(222, 'Caroline', 'O\'Meagher', NULL, '577220465', NULL, NULL, NULL, NULL, '2020-07-27 14:30:20', 'N/A', '[]', NULL, 12, 14, 0, '2020-07-27 14:30:20', '2020-07-27 14:30:20'),
(223, 'Rob', 'Brautigam', NULL, '566903331', NULL, NULL, NULL, NULL, '2020-07-27 14:30:20', 'N/A', '[]', NULL, 12, 14, 0, '2020-07-27 14:30:20', '2020-07-27 14:30:20'),
(224, 'Gabrielle', 'Thomson', NULL, '566508898', NULL, NULL, NULL, NULL, '2020-07-27 14:30:20', 'N/A', '[]', NULL, 12, 14, 0, '2020-07-27 14:30:20', '2020-07-27 14:30:20'),
(225, 'Nicole', 'Cody', NULL, '566128409', NULL, NULL, NULL, NULL, '2020-07-27 14:30:20', 'N/A', '[]', NULL, 12, 14, 0, '2020-07-27 14:30:20', '2020-07-27 14:30:20'),
(226, 'Meagan', 'Caesar', NULL, '564961742', NULL, NULL, NULL, NULL, '2020-07-27 14:30:20', 'N/A', '[]', NULL, 12, 14, 0, '2020-07-27 14:30:20', '2020-07-27 14:30:20'),
(227, 'Siena', 'Milone', NULL, '563906402', NULL, NULL, NULL, NULL, '2020-07-27 14:30:20', 'N/A', '[]', NULL, 12, 14, 0, '2020-07-27 14:30:20', '2020-07-27 14:30:20'),
(228, 'Stefan', 'Jadlowkier', NULL, '563376725', NULL, NULL, NULL, NULL, '2020-07-27 14:30:20', 'N/A', '[]', NULL, 12, 14, 0, '2020-07-27 14:30:20', '2020-07-27 14:30:20'),
(229, 'Annie', 'Cottrell', NULL, '553045328', NULL, NULL, NULL, NULL, '2020-07-27 14:30:20', 'N/A', '[]', NULL, 12, 14, 0, '2020-07-27 14:30:20', '2020-07-27 14:30:20'),
(230, 'Kristen', 'C.', NULL, '500895165', NULL, NULL, NULL, NULL, '2020-07-27 14:30:20', 'N/A', '[]', NULL, 12, 14, 0, '2020-07-27 14:30:20', '2020-07-27 14:30:20'),
(231, 'Cory', 'Barnes', NULL, '500558439', NULL, NULL, NULL, NULL, '2020-07-27 14:30:20', 'N/A', '[]', NULL, 12, 14, 0, '2020-07-27 14:30:20', '2020-07-27 14:30:20'),
(232, 'Amanda', 'Elle', NULL, '219300049', NULL, NULL, NULL, NULL, '2020-07-27 14:30:20', 'N/A', '[]', NULL, 12, 14, 0, '2020-07-27 14:30:20', '2020-07-27 14:30:20'),
(233, 'Juli', 'Colotti', NULL, '70900969', NULL, NULL, NULL, NULL, '2020-07-27 14:30:20', 'N/A', '[]', NULL, 12, 14, 0, '2020-07-27 14:30:20', '2020-07-27 14:30:20'),
(234, 'Terry', 'Foster', NULL, '64704471', NULL, NULL, NULL, NULL, '2020-07-27 14:30:20', 'N/A', '[]', NULL, 12, 14, 0, '2020-07-27 14:30:20', '2020-07-27 14:30:20'),
(235, 'Stephanie', 'Rollins', NULL, '62301976', NULL, NULL, NULL, NULL, '2020-07-27 14:30:20', 'N/A', '[]', NULL, 12, 14, 0, '2020-07-27 14:30:20', '2020-07-27 14:30:20'),
(236, 'Lee', 'Brown', NULL, '56706108', NULL, NULL, NULL, NULL, '2020-07-27 14:30:20', 'N/A', '[]', NULL, 12, 14, 0, '2020-07-27 14:30:20', '2020-07-27 14:30:20'),
(237, 'Erik', 'Leslie', NULL, '42111416', NULL, NULL, NULL, NULL, '2020-07-27 14:30:20', 'N/A', '[]', NULL, 12, 14, 0, '2020-07-27 14:30:20', '2020-07-27 14:30:20'),
(238, 'Maruxa', 'Murphy', NULL, '32902264', NULL, NULL, NULL, NULL, '2020-07-27 14:30:20', 'N/A', '[]', NULL, 12, 14, 0, '2020-07-27 14:30:20', '2020-07-27 14:30:20'),
(239, 'Aaron', 'Wolverton', NULL, '21721121', NULL, NULL, NULL, NULL, '2020-07-27 14:30:20', 'N/A', '[]', NULL, 12, 14, 0, '2020-07-27 14:30:20', '2020-07-27 14:30:20'),
(240, 'Tom', 'Ferry', NULL, '13744019', NULL, NULL, NULL, NULL, '2020-07-27 14:30:20', 'N/A', '[]', NULL, 12, 14, 0, '2020-07-27 14:30:20', '2020-07-27 14:30:20'),
(241, 'Brandon', 'Odom', NULL, '11901215', NULL, NULL, NULL, NULL, '2020-07-27 14:30:20', 'N/A', '[]', NULL, 12, 14, 0, '2020-07-27 14:30:20', '2020-07-27 14:30:20'),
(242, 'Joanna', 'Novelo', NULL, '11707582', NULL, NULL, NULL, NULL, '2020-07-27 14:30:20', 'N/A', '[]', NULL, 12, 14, 0, '2020-07-27 14:30:20', '2020-07-27 14:30:20'),
(243, 'Jake', 'Troutman', NULL, '10020292', NULL, NULL, NULL, NULL, '2020-07-27 14:30:20', 'N/A', '[]', NULL, 12, 14, 0, '2020-07-27 14:30:20', '2020-07-27 14:30:20'),
(244, 'Mike', 'Millner', NULL, '5708563', NULL, NULL, NULL, NULL, '2020-07-27 14:30:20', 'N/A', '[]', NULL, 12, 14, 0, '2020-07-27 14:30:20', '2020-07-27 14:30:20'),
(245, 'Sherri', 'Somers', NULL, '5022473', NULL, NULL, NULL, NULL, '2020-07-27 14:30:20', 'N/A', '[]', NULL, 12, 14, 0, '2020-07-27 14:30:20', '2020-07-27 14:30:20'),
(246, 'Manny', 'Martinez', NULL, '700983', NULL, NULL, NULL, NULL, '2020-07-27 14:30:20', 'N/A', '[]', NULL, 12, 14, 0, '2020-07-27 14:30:20', '2020-07-27 14:30:20'),
(247, 'Heather', 'Christian', NULL, '1460865140', NULL, NULL, NULL, NULL, '2020-07-27 14:37:05', 'N/A', '[]', 'https://scontent.fagc1-1.fna.fbcdn.net/v/t1.0-1/cp0/p50x50/73164968_10218960147822267_5576303976250343424_n.jpg?_nc_cat=105&_nc_sid=7206a8&_nc_ohc=wQB3oXII2-EAX8OupwI&_nc_ht=scontent.fagc1-1.fna&oh=a18e0bd82e17490f5461fec9220eb7b3&oe=5F45B6D1', 12, 15, 0, '2020-07-27 14:37:05', '2020-07-27 14:37:05'),
(248, 'Jill', 'Garner Smith', 'jillgarnersmith@gmail.com', '1321015286', 'Yes', 'jillgarnersmith@gmail.com', 'yes', NULL, '2020-07-27 14:37:32', 'N/A', '[]', 'https://scontent.fagc1-2.fna.fbcdn.net/v/t1.0-1/cp0/p50x50/105387359_10222936137254856_8092573740805046991_n.jpg?_nc_cat=109&_nc_sid=7206a8&_nc_ohc=tYddWS288rMAX8nIxPc&_nc_ht=scontent.fagc1-2.fna&oh=bf5cec07f2f5694492fadbd8faa4730a&oe=5F443A07', 12, 15, 0, '2020-07-27 14:37:32', '2020-07-27 14:37:32'),
(249, 'Isha', 'Av', NULL, '100001729122381', NULL, NULL, NULL, NULL, '2020-07-28 04:47:20', 'N/A', '[]', NULL, 16, 16, 0, '2020-07-28 04:47:20', '2020-07-28 04:47:20'),
(250, 'Preeti', 'Vakharia', NULL, '100000191798745', NULL, NULL, NULL, NULL, '2020-07-28 04:47:20', 'N/A', '[]', NULL, 16, 16, 0, '2020-07-28 04:47:20', '2020-07-28 04:47:20'),
(251, 'Larab', 'Rehan', NULL, '100052516507108', NULL, NULL, NULL, NULL, '2020-07-28 04:47:20', 'N/A', '[]', NULL, 16, 16, 0, '2020-07-28 04:47:20', '2020-07-28 04:47:20'),
(252, 'Isha', 'Av', NULL, '100001729122381', NULL, NULL, NULL, NULL, '2020-07-28 04:59:13', 'N/A', '[]', NULL, 16, 17, 0, '2020-07-28 04:59:13', '2020-07-28 04:59:13'),
(253, 'Preeti', 'Vakharia', NULL, '100000191798745', NULL, NULL, NULL, NULL, '2020-07-28 04:59:13', 'N/A', '[]', NULL, 16, 17, 0, '2020-07-28 04:59:13', '2020-07-28 04:59:13'),
(254, 'Isha', 'Av', NULL, '100001729122381', NULL, NULL, NULL, NULL, '2020-07-29 19:34:44', 'N/A', '[]', NULL, 6, 18, 0, '2020-07-29 19:34:44', '2020-07-29 19:34:44'),
(255, 'Jaden', 'Easton', NULL, '601777720', NULL, NULL, NULL, NULL, '2020-07-29 19:34:44', 'N/A', '[]', NULL, 6, 18, 0, '2020-07-29 19:34:44', '2020-07-29 19:34:44'),
(256, 'Dale', 'Briggs', NULL, '1970868366282121', NULL, NULL, NULL, NULL, '2020-07-29 19:34:44', 'N/A', '[]', NULL, 6, 18, 0, '2020-07-29 19:34:44', '2020-07-29 19:34:44'),
(257, 'Jan', 'Fansler', NULL, '1711053065807747', NULL, NULL, NULL, NULL, '2020-07-29 19:34:44', 'N/A', '[]', NULL, 6, 18, 0, '2020-07-29 19:34:44', '2020-07-29 19:34:44'),
(258, 'CodePile', NULL, NULL, '942203902534277', NULL, NULL, NULL, NULL, '2020-07-30 04:37:05', 'N/A', '[]', NULL, 6, 18, 1, '2020-07-29 19:34:44', '2020-07-30 04:37:05'),
(259, 'Dawn', 'Close', NULL, '588454371584383', NULL, NULL, NULL, NULL, '2020-07-29 19:34:44', 'N/A', '[]', NULL, 6, 18, 0, '2020-07-29 19:34:44', '2020-07-29 19:34:44'),
(260, 'Raveina', 'A.', NULL, '303558100375806', NULL, NULL, NULL, NULL, '2020-07-29 19:34:44', 'N/A', '[]', NULL, 6, 18, 0, '2020-07-29 19:34:44', '2020-07-29 19:34:44'),
(261, 'Simon', 'Bensaidy', NULL, '250330859143550', NULL, NULL, NULL, NULL, '2020-07-29 19:34:44', 'N/A', '[]', NULL, 6, 18, 0, '2020-07-29 19:34:44', '2020-07-29 19:34:44'),
(262, 'Bitmead', 'Inc', NULL, '228723490633859', NULL, NULL, NULL, NULL, '2020-07-30 04:33:22', 'N/A', '[\"call\"]', NULL, 6, 18, 0, '2020-07-29 19:34:44', '2020-07-30 04:33:22'),
(263, 'Houseflippingguide', NULL, NULL, '170294166320721', NULL, NULL, NULL, NULL, '2020-07-29 19:34:44', 'N/A', '[]', NULL, 6, 18, 0, '2020-07-29 19:34:44', '2020-07-29 19:34:44'),
(264, 'Gabriel', 'Preda', NULL, '112192286801314', NULL, NULL, NULL, NULL, '2020-07-29 19:34:44', 'N/A', '[]', NULL, 6, 18, 0, '2020-07-29 19:34:44', '2020-07-29 19:34:44'),
(265, 'Heather\'s', 'Corner', NULL, '110583787156660', NULL, NULL, NULL, NULL, '2020-07-29 19:34:44', 'N/A', '[]', NULL, 6, 18, 0, '2020-07-29 19:34:44', '2020-07-29 19:34:44'),
(266, 'Digitally', 'Udit', NULL, '107316804102580', NULL, NULL, NULL, NULL, '2020-07-29 19:34:44', 'N/A', '[]', NULL, 6, 18, 0, '2020-07-29 19:34:44', '2020-07-29 19:34:44'),
(267, 'Nina', 'Kleven', NULL, '100642378058461', NULL, NULL, NULL, NULL, '2020-07-29 19:34:44', 'N/A', '[]', NULL, 6, 18, 0, '2020-07-29 19:34:44', '2020-07-29 19:34:44'),
(268, 'Bulletproof', 'Marketing', NULL, '100501464928994', NULL, NULL, NULL, NULL, '2020-07-29 19:34:44', 'N/A', '[]', NULL, 6, 18, 0, '2020-07-29 19:34:44', '2020-07-29 19:34:44'),
(269, 'Axtra', 'Lular', NULL, '100048219216710', NULL, NULL, NULL, NULL, '2020-07-29 19:34:44', 'N/A', '[]', NULL, 6, 18, 0, '2020-07-29 19:34:44', '2020-07-29 19:34:44'),
(270, 'Thomas', 'Wozniak', NULL, '100047302415024', NULL, NULL, NULL, NULL, '2020-07-29 19:34:44', 'N/A', '[]', NULL, 6, 18, 0, '2020-07-29 19:34:44', '2020-07-29 19:34:44'),
(271, 'Herrod', 'Ross', NULL, '100043924004417', NULL, NULL, NULL, NULL, '2020-07-29 19:34:44', 'N/A', '[]', NULL, 6, 18, 0, '2020-07-29 19:34:44', '2020-07-29 19:34:44'),
(272, 'Rhys', 'Collyer', NULL, '100043005034959', NULL, NULL, NULL, NULL, '2020-07-29 19:34:44', 'N/A', '[]', NULL, 6, 18, 0, '2020-07-29 19:34:44', '2020-07-29 19:34:44'),
(273, 'Rich', 'Rodriguez', NULL, '100042712294953', NULL, NULL, NULL, NULL, '2020-07-29 19:34:44', 'N/A', '[]', NULL, 6, 18, 0, '2020-07-29 19:34:44', '2020-07-29 19:34:44'),
(274, 'Mohamed', 'Assad', NULL, '100041244106701', NULL, NULL, NULL, NULL, '2020-07-29 19:34:44', 'N/A', '[]', NULL, 6, 18, 0, '2020-07-29 19:34:44', '2020-07-29 19:34:44'),
(275, 'William', 'Brown', NULL, '100040510968824', NULL, NULL, NULL, NULL, '2020-07-29 19:34:44', 'N/A', '[]', NULL, 6, 18, 0, '2020-07-29 19:34:44', '2020-07-29 19:34:44'),
(276, 'Rebecca', 'Samson', NULL, '100040311246266', NULL, NULL, NULL, NULL, '2020-07-29 19:34:44', 'N/A', '[]', NULL, 6, 18, 0, '2020-07-29 19:34:44', '2020-07-29 19:34:44');
INSERT INTO `group_members` (`id`, `f_name`, `l_name`, `email`, `fb_id`, `a1`, `a2`, `a3`, `notes`, `date_add_time`, `respond_status`, `tags`, `img`, `user_id`, `group_id`, `is_deleted`, `created_at`, `updated_at`) VALUES
(277, 'Mpumelelo', 'Mpumi', NULL, '100038940742555', NULL, NULL, NULL, NULL, '2020-07-29 19:34:44', 'N/A', '[]', NULL, 6, 18, 0, '2020-07-29 19:34:44', '2020-07-29 19:34:44'),
(278, 'Tanisha', 'Ahmed', NULL, '100038456737118', NULL, NULL, NULL, NULL, '2020-07-29 19:34:44', 'N/A', '[]', NULL, 6, 18, 0, '2020-07-29 19:34:44', '2020-07-29 19:34:44'),
(279, 'Harvey', 'Robinson', NULL, '100037898748358', NULL, NULL, NULL, NULL, '2020-07-30 04:33:14', 'N/A', '[\"call\"]', NULL, 6, 18, 0, '2020-07-29 19:34:44', '2020-07-30 04:33:14'),
(280, 'David', 'McDonald', NULL, '100037437522198', NULL, NULL, NULL, NULL, '2020-07-29 19:34:44', 'N/A', '[]', NULL, 6, 18, 0, '2020-07-29 19:34:44', '2020-07-29 19:34:44'),
(281, 'Michelle', 'Grace', NULL, '100036634237031', NULL, NULL, NULL, NULL, '2020-07-29 19:34:44', 'N/A', '[]', NULL, 6, 18, 0, '2020-07-29 19:34:44', '2020-07-29 19:34:44'),
(282, 'Eman', 'Hamdy', NULL, '100034827825188', NULL, NULL, NULL, NULL, '2020-07-29 19:34:44', 'N/A', '[]', NULL, 6, 18, 0, '2020-07-29 19:34:44', '2020-07-29 19:34:44'),
(283, 'Christina', 'Parks', NULL, '100034428693144', NULL, NULL, NULL, NULL, '2020-07-29 19:34:44', 'N/A', '[]', NULL, 6, 18, 0, '2020-07-29 19:34:44', '2020-07-29 19:34:44'),
(284, 'Brandi', 'Victoria', NULL, '100033860663104', NULL, NULL, NULL, NULL, '2020-07-29 19:35:24', 'N/A', '[]', NULL, 6, 18, 0, '2020-07-29 19:35:24', '2020-07-29 19:35:24'),
(285, 'Christopher', 'Schroeder', NULL, '100029734157112', NULL, NULL, NULL, NULL, '2020-07-29 19:35:24', 'N/A', '[]', NULL, 6, 18, 0, '2020-07-29 19:35:24', '2020-07-29 19:35:24'),
(286, 'RG', 'Owen', NULL, '100028614965141', NULL, NULL, NULL, NULL, '2020-07-29 19:35:24', 'N/A', '[]', NULL, 6, 18, 0, '2020-07-29 19:35:24', '2020-07-29 19:35:24'),
(287, 'Jeremy', 'Martin', NULL, '100028160910471', NULL, NULL, NULL, NULL, '2020-07-29 19:35:24', 'N/A', '[]', NULL, 6, 18, 0, '2020-07-29 19:35:24', '2020-07-29 19:35:24'),
(288, 'Dawn', 'Maes', NULL, '100027752294708', NULL, NULL, NULL, NULL, '2020-07-29 19:35:24', 'N/A', '[]', NULL, 6, 18, 0, '2020-07-29 19:35:24', '2020-07-29 19:35:24'),
(289, 'Renee', 'Maree', NULL, '100024297960849', NULL, NULL, NULL, NULL, '2020-07-29 19:35:24', 'N/A', '[]', NULL, 6, 18, 0, '2020-07-29 19:35:24', '2020-07-29 19:35:24'),
(290, 'Willie', 'Matswiri', NULL, '100023150580499', NULL, NULL, NULL, NULL, '2020-07-29 19:35:24', 'N/A', '[]', NULL, 6, 18, 0, '2020-07-29 19:35:24', '2020-07-29 19:35:24'),
(291, 'Seth', 'Russo', NULL, '100021705455621', NULL, NULL, NULL, NULL, '2020-07-29 19:35:24', 'N/A', '[]', NULL, 6, 18, 0, '2020-07-29 19:35:24', '2020-07-29 19:35:24'),
(292, 'Alyssa', 'Rispoli', NULL, '100020564146146', NULL, NULL, NULL, NULL, '2020-07-29 19:35:24', 'N/A', '[]', NULL, 6, 18, 0, '2020-07-29 19:35:24', '2020-07-29 19:35:24'),
(293, 'Barbara', 'Winter', NULL, '100020339104970', NULL, NULL, NULL, NULL, '2020-07-29 19:35:24', 'N/A', '[]', NULL, 6, 18, 0, '2020-07-29 19:35:24', '2020-07-29 19:35:24'),
(294, 'Zach', 'Sparks', NULL, '100019214347215', NULL, NULL, NULL, NULL, '2020-07-29 19:35:24', 'N/A', '[]', NULL, 6, 18, 0, '2020-07-29 19:35:24', '2020-07-29 19:35:24'),
(295, 'Pete', 'Shi', NULL, '100016073319381', NULL, NULL, NULL, NULL, '2020-07-29 19:35:24', 'N/A', '[]', NULL, 6, 18, 0, '2020-07-29 19:35:24', '2020-07-29 19:35:24'),
(296, 'Jenn', 'Forrest', NULL, '100015601819201', NULL, NULL, NULL, NULL, '2020-07-29 19:35:24', 'N/A', '[]', NULL, 6, 18, 0, '2020-07-29 19:35:24', '2020-07-29 19:35:24'),
(297, 'Heather', 'Alison', NULL, '100014693496862', NULL, NULL, NULL, NULL, '2020-07-29 19:35:24', 'N/A', '[]', NULL, 6, 18, 0, '2020-07-29 19:35:24', '2020-07-29 19:35:24'),
(298, 'Raja', 'Vaidya', NULL, '100013523479347', NULL, NULL, NULL, NULL, '2020-07-29 19:35:24', 'N/A', '[]', NULL, 6, 18, 0, '2020-07-29 19:35:24', '2020-07-29 19:35:24'),
(299, 'MU', 'Sah', NULL, '100013370587137', NULL, NULL, NULL, NULL, '2020-07-29 19:35:24', 'N/A', '[]', NULL, 6, 18, 0, '2020-07-29 19:35:24', '2020-07-29 19:35:24'),
(300, 'Akeh', 'BT', NULL, '100012838038563', NULL, NULL, NULL, NULL, '2020-07-29 19:35:24', 'N/A', '[]', NULL, 6, 18, 0, '2020-07-29 19:35:24', '2020-07-29 19:35:24'),
(301, 'April', 'Hescock', NULL, '100012436154532', NULL, NULL, NULL, NULL, '2020-07-29 19:35:24', 'N/A', '[]', NULL, 6, 18, 0, '2020-07-29 19:35:24', '2020-07-29 19:35:24'),
(302, 'Jenn', 'Murray', NULL, '100011981832365', NULL, NULL, NULL, NULL, '2020-07-29 19:35:24', 'N/A', '[]', NULL, 6, 18, 0, '2020-07-29 19:35:24', '2020-07-29 19:35:24'),
(303, 'Angie', 'Bellino', NULL, '100011540282946', NULL, NULL, NULL, NULL, '2020-07-29 19:35:24', 'N/A', '[]', NULL, 6, 18, 0, '2020-07-29 19:35:24', '2020-07-29 19:35:24'),
(304, 'Shana', 'Carter', NULL, '100011509173211', NULL, NULL, NULL, NULL, '2020-07-29 19:35:24', 'N/A', '[]', NULL, 6, 18, 0, '2020-07-29 19:35:24', '2020-07-29 19:35:24'),
(305, 'Joseph', 'J', NULL, '100011343175018', NULL, NULL, NULL, NULL, '2020-07-29 19:35:24', 'N/A', '[]', NULL, 6, 18, 0, '2020-07-29 19:35:24', '2020-07-29 19:35:24'),
(306, 'Pat', 'Sgro', NULL, '100011328499724', NULL, NULL, NULL, NULL, '2020-07-29 19:35:24', 'N/A', '[]', NULL, 6, 18, 0, '2020-07-29 19:35:24', '2020-07-29 19:35:24'),
(307, 'Clark', 'Davis', NULL, '100011247333364', NULL, NULL, NULL, NULL, '2020-07-29 19:35:24', 'N/A', '[]', NULL, 6, 18, 0, '2020-07-29 19:35:24', '2020-07-29 19:35:24'),
(308, 'Javier', 'Cains', NULL, '100010673431402', NULL, NULL, NULL, NULL, '2020-07-29 19:35:24', 'N/A', '[]', NULL, 6, 18, 0, '2020-07-29 19:35:24', '2020-07-29 19:35:24'),
(309, 'Karim', 'L', NULL, '100009126895454', NULL, NULL, NULL, NULL, '2020-07-29 19:35:24', 'N/A', '[]', NULL, 6, 18, 0, '2020-07-29 19:35:24', '2020-07-29 19:35:24'),
(310, 'Rob', 'Gough', NULL, '100008760188474', NULL, NULL, NULL, NULL, '2020-07-29 19:35:24', 'N/A', '[]', NULL, 6, 18, 0, '2020-07-29 19:35:24', '2020-07-29 19:35:24'),
(311, 'Vince', 'Ortega', NULL, '100008308290858', NULL, NULL, NULL, NULL, '2020-07-29 19:35:24', 'N/A', '[]', NULL, 6, 18, 0, '2020-07-29 19:35:24', '2020-07-29 19:35:24'),
(312, 'Charles', 'Portugal', NULL, '100008126524565', NULL, NULL, NULL, NULL, '2020-07-29 19:35:24', 'N/A', '[]', NULL, 6, 18, 0, '2020-07-29 19:35:24', '2020-07-29 19:35:24'),
(313, 'Rana', 'Tin', NULL, '100007915890904', NULL, NULL, NULL, NULL, '2020-07-29 19:35:24', 'N/A', '[]', NULL, 6, 18, 0, '2020-07-29 19:35:24', '2020-07-29 19:35:24'),
(314, 'Charli', 'Brown', NULL, '100007113874067', NULL, NULL, NULL, NULL, '2020-07-29 19:36:04', 'N/A', '[]', NULL, 6, 18, 0, '2020-07-29 19:36:04', '2020-07-29 19:36:04'),
(315, 'Dominick', 'F', NULL, '100006771512971', NULL, NULL, NULL, NULL, '2020-07-29 19:36:04', 'N/A', '[]', NULL, 6, 18, 0, '2020-07-29 19:36:04', '2020-07-29 19:36:04'),
(316, 'George', 'Wickens', NULL, '100006633608566', NULL, NULL, NULL, NULL, '2020-07-29 19:36:04', 'N/A', '[]', NULL, 6, 18, 0, '2020-07-29 19:36:04', '2020-07-29 19:36:04'),
(317, 'Cheryl', 'Spangler', NULL, '100006451849569', NULL, NULL, NULL, NULL, '2020-07-29 19:36:04', 'N/A', '[]', NULL, 6, 18, 0, '2020-07-29 19:36:04', '2020-07-29 19:36:04'),
(318, 'Robert', 'Henderson', NULL, '100005981580251', NULL, NULL, NULL, NULL, '2020-07-29 19:36:04', 'N/A', '[]', NULL, 6, 18, 0, '2020-07-29 19:36:04', '2020-07-29 19:36:04'),
(319, 'Jason', 'Priest', NULL, '100005962533220', NULL, NULL, NULL, NULL, '2020-07-29 19:36:04', 'N/A', '[]', NULL, 6, 18, 0, '2020-07-29 19:36:04', '2020-07-29 19:36:04'),
(320, 'Gary', 'Fahey', NULL, '100005956301307', NULL, NULL, NULL, NULL, '2020-07-29 19:36:04', 'N/A', '[]', NULL, 6, 18, 0, '2020-07-29 19:36:04', '2020-07-29 19:36:04'),
(321, 'Jeremy', 'Montoya', NULL, '100005873414473', NULL, NULL, NULL, NULL, '2020-07-29 19:36:04', 'N/A', '[]', NULL, 6, 18, 0, '2020-07-29 19:36:04', '2020-07-29 19:36:04'),
(322, 'TyRhonda', 'Sherfield', NULL, '100005850547222', NULL, NULL, NULL, NULL, '2020-07-29 19:36:04', 'N/A', '[]', NULL, 6, 18, 0, '2020-07-29 19:36:04', '2020-07-29 19:36:04'),
(323, 'Benjamin', 'Nguyen', NULL, '100005827783354', NULL, NULL, NULL, NULL, '2020-07-29 19:36:04', 'N/A', '[]', NULL, 6, 18, 0, '2020-07-29 19:36:04', '2020-07-29 19:36:04'),
(324, 'Jakob', 'Strehlow', NULL, '100005540313064', NULL, NULL, NULL, NULL, '2020-07-29 19:36:04', 'N/A', '[]', NULL, 6, 18, 0, '2020-07-29 19:36:04', '2020-07-29 19:36:04'),
(325, 'Melanie', 'Power', NULL, '100005237820496', NULL, NULL, NULL, NULL, '2020-07-29 19:36:04', 'N/A', '[]', NULL, 6, 18, 0, '2020-07-29 19:36:04', '2020-07-29 19:36:04'),
(326, 'Steve', 'Huston', NULL, '100005134064272', NULL, NULL, NULL, NULL, '2020-07-29 19:36:04', 'N/A', '[]', NULL, 6, 18, 0, '2020-07-29 19:36:04', '2020-07-29 19:36:04'),
(327, 'Katie', 'LA', NULL, '100005021165477', NULL, NULL, NULL, NULL, '2020-07-29 19:36:04', 'N/A', '[]', NULL, 6, 18, 0, '2020-07-29 19:36:04', '2020-07-29 19:36:04'),
(328, 'Joe', 'Leech', NULL, '100004746018057', NULL, NULL, NULL, NULL, '2020-07-29 19:36:04', 'N/A', '[]', NULL, 6, 18, 0, '2020-07-29 19:36:04', '2020-07-29 19:36:04'),
(329, 'Shannon', 'Hoverson', NULL, '100004513775338', NULL, NULL, NULL, NULL, '2020-07-29 19:36:04', 'N/A', '[]', NULL, 6, 18, 0, '2020-07-29 19:36:04', '2020-07-29 19:36:04'),
(330, 'Adrian', 'Javier', NULL, '100004312834552', NULL, NULL, NULL, NULL, '2020-07-29 19:36:04', 'N/A', '[]', NULL, 6, 18, 0, '2020-07-29 19:36:04', '2020-07-29 19:36:04'),
(331, 'Elijah', 'MrMoody', NULL, '100004205556379', NULL, NULL, NULL, NULL, '2020-07-29 19:36:04', 'N/A', '[]', NULL, 6, 18, 0, '2020-07-29 19:36:04', '2020-07-29 19:36:04'),
(332, 'SàLèh', 'MíGhrí', NULL, '100004184236097', NULL, NULL, NULL, NULL, '2020-07-29 19:36:04', 'N/A', '[]', NULL, 6, 18, 0, '2020-07-29 19:36:04', '2020-07-29 19:36:04'),
(333, 'Mike', 'Metropoulos', NULL, '100004034656561', NULL, NULL, NULL, NULL, '2020-07-29 19:36:04', 'N/A', '[]', NULL, 6, 18, 0, '2020-07-29 19:36:04', '2020-07-29 19:36:04'),
(334, 'Athena', 'Chakeres', NULL, '100004018310790', NULL, NULL, NULL, NULL, '2020-07-29 19:36:04', 'N/A', '[]', NULL, 6, 18, 0, '2020-07-29 19:36:04', '2020-07-29 19:36:04'),
(335, 'Ben', 'Jimmerson', NULL, '100003980893110', NULL, NULL, NULL, NULL, '2020-07-29 19:36:04', 'N/A', '[]', NULL, 6, 18, 0, '2020-07-29 19:36:04', '2020-07-29 19:36:04'),
(336, 'Shelby', 'Fowler', NULL, '100003865738482', NULL, NULL, NULL, NULL, '2020-07-29 19:36:04', 'N/A', '[]', NULL, 6, 18, 0, '2020-07-29 19:36:04', '2020-07-29 19:36:04'),
(337, 'Carolina', 'Oses', NULL, '100003673668838', NULL, NULL, NULL, NULL, '2020-07-29 19:36:04', 'N/A', '[]', NULL, 6, 18, 0, '2020-07-29 19:36:04', '2020-07-29 19:36:04'),
(338, 'Emily', 'James', NULL, '100003340028798', NULL, NULL, NULL, NULL, '2020-07-29 19:36:04', 'N/A', '[]', NULL, 6, 18, 0, '2020-07-29 19:36:04', '2020-07-29 19:36:04'),
(339, 'Rob', 'Rammuny', NULL, '100003260905001', NULL, NULL, NULL, NULL, '2020-07-29 19:36:04', 'N/A', '[]', NULL, 6, 18, 0, '2020-07-29 19:36:04', '2020-07-29 19:36:04'),
(340, 'Dušan', 'Ružić', NULL, '100003166078927', NULL, NULL, NULL, NULL, '2020-07-29 19:36:04', 'N/A', '[]', NULL, 6, 18, 0, '2020-07-29 19:36:04', '2020-07-29 19:36:04'),
(341, 'Michael', 'Pendleton', NULL, '100003114414151', NULL, NULL, NULL, NULL, '2020-07-29 19:36:04', 'N/A', '[]', NULL, 6, 18, 0, '2020-07-29 19:36:04', '2020-07-29 19:36:04'),
(342, 'Randy', 'Neil', NULL, '100003068978562', NULL, NULL, NULL, NULL, '2020-07-29 19:36:04', 'N/A', '[]', NULL, 6, 18, 0, '2020-07-29 19:36:04', '2020-07-29 19:36:04'),
(343, 'Carlos', 'Porras', NULL, '100002965328579', NULL, NULL, NULL, NULL, '2020-07-29 19:36:04', 'N/A', '[]', NULL, 6, 18, 0, '2020-07-29 19:36:04', '2020-07-29 19:36:04'),
(344, 'Steven', 'Vu', NULL, '100002698308078', NULL, NULL, NULL, NULL, '2020-07-29 19:36:44', 'N/A', '[]', NULL, 6, 18, 0, '2020-07-29 19:36:44', '2020-07-29 19:36:44'),
(345, 'Samy', 'Elashmawy', NULL, '100002578771584', NULL, NULL, NULL, NULL, '2020-07-29 19:36:44', 'N/A', '[]', NULL, 6, 18, 0, '2020-07-29 19:36:44', '2020-07-29 19:36:44'),
(346, 'Emma', 'L', NULL, '100002572561214', NULL, NULL, NULL, NULL, '2020-07-29 19:36:44', 'N/A', '[]', NULL, 6, 18, 0, '2020-07-29 19:36:44', '2020-07-29 19:36:44'),
(347, 'Tanya', 'L', NULL, '100002417184807', NULL, NULL, NULL, NULL, '2020-07-29 19:36:44', 'N/A', '[]', NULL, 6, 18, 0, '2020-07-29 19:36:44', '2020-07-29 19:36:44'),
(348, 'Nicholas', 'Arapkiles', NULL, '100002401484452', NULL, NULL, NULL, NULL, '2020-07-29 19:36:44', 'N/A', '[]', NULL, 6, 18, 0, '2020-07-29 19:36:44', '2020-07-29 19:36:44'),
(349, 'Toni', 'Hogan', NULL, '100002322900421', NULL, NULL, NULL, NULL, '2020-07-29 19:36:44', 'N/A', '[]', NULL, 6, 18, 0, '2020-07-29 19:36:44', '2020-07-29 19:36:44'),
(350, 'Troy', 'Lowe', NULL, '100002298893186', NULL, NULL, NULL, NULL, '2020-07-29 19:36:44', 'N/A', '[]', NULL, 6, 18, 0, '2020-07-29 19:36:44', '2020-07-29 19:36:44'),
(351, 'Jonathan', 'Siesel', NULL, '100002096784693', NULL, NULL, NULL, NULL, '2020-07-29 19:36:44', 'N/A', '[]', NULL, 6, 18, 0, '2020-07-29 19:36:44', '2020-07-29 19:36:44'),
(352, 'Sander', 'Puerto', NULL, '100001884109751', NULL, NULL, NULL, NULL, '2020-07-29 19:36:44', 'N/A', '[]', NULL, 6, 18, 0, '2020-07-29 19:36:44', '2020-07-29 19:36:44'),
(353, 'Amanda', 'Bedry', NULL, '100001875658089', NULL, NULL, NULL, NULL, '2020-07-29 19:36:44', 'N/A', '[]', NULL, 6, 18, 0, '2020-07-29 19:36:44', '2020-07-29 19:36:44'),
(354, 'Daniel', 'Suckling', NULL, '100001818942085', NULL, NULL, NULL, NULL, '2020-07-29 19:36:44', 'N/A', '[]', NULL, 6, 18, 0, '2020-07-29 19:36:44', '2020-07-29 19:36:44'),
(355, 'Dave', 'Lichtenstein', NULL, '100001807911593', NULL, NULL, NULL, NULL, '2020-07-29 19:36:44', 'N/A', '[]', NULL, 6, 18, 0, '2020-07-29 19:36:44', '2020-07-29 19:36:44'),
(356, 'Barbara', 'Kellner-Read', NULL, '100001693231120', NULL, NULL, NULL, NULL, '2020-07-29 19:36:44', 'N/A', '[]', NULL, 6, 18, 0, '2020-07-29 19:36:44', '2020-07-29 19:36:44'),
(357, 'Gerard', 'Teague', NULL, '100001686518330', NULL, NULL, NULL, NULL, '2020-07-29 19:36:44', 'N/A', '[]', NULL, 6, 18, 0, '2020-07-29 19:36:44', '2020-07-29 19:36:44'),
(358, 'Marty', 'Human', NULL, '100001683983139', NULL, NULL, NULL, NULL, '2020-07-29 19:36:44', 'N/A', '[]', NULL, 6, 18, 0, '2020-07-29 19:36:44', '2020-07-29 19:36:44'),
(359, 'Hector', 'Gonzalez', NULL, '100001607173824', NULL, NULL, NULL, NULL, '2020-07-29 19:36:44', 'N/A', '[]', NULL, 6, 18, 0, '2020-07-29 19:36:44', '2020-07-29 19:36:44'),
(360, 'Jamie', 'Robbins', NULL, '100001501592404', NULL, NULL, NULL, NULL, '2020-07-29 19:36:44', 'N/A', '[]', NULL, 6, 18, 0, '2020-07-29 19:36:44', '2020-07-29 19:36:44'),
(361, 'Trevor', 'Briggs', NULL, '100001414620383', NULL, NULL, NULL, NULL, '2020-07-29 19:36:44', 'N/A', '[]', NULL, 6, 18, 0, '2020-07-29 19:36:44', '2020-07-29 19:36:44'),
(362, 'Ellyna', 'Starre', NULL, '100001387732670', NULL, NULL, NULL, NULL, '2020-07-29 19:36:44', 'N/A', '[]', NULL, 6, 18, 0, '2020-07-29 19:36:44', '2020-07-29 19:36:44'),
(363, 'Kiley', 'T', NULL, '100001214734781', NULL, NULL, NULL, NULL, '2020-07-29 19:36:44', 'N/A', '[]', NULL, 6, 18, 0, '2020-07-29 19:36:44', '2020-07-29 19:36:44'),
(364, 'Johnny', 'Keoni', NULL, '100001192624194', NULL, NULL, NULL, NULL, '2020-07-29 19:36:44', 'N/A', '[]', NULL, 6, 18, 0, '2020-07-29 19:36:44', '2020-07-29 19:36:44'),
(365, 'Ben', 'Gower', NULL, '100001111880049', NULL, NULL, NULL, NULL, '2020-07-29 19:36:44', 'N/A', '[]', NULL, 6, 18, 0, '2020-07-29 19:36:44', '2020-07-29 19:36:44'),
(366, 'Miles', 'Berdache', NULL, '100001085454868', NULL, NULL, NULL, NULL, '2020-07-29 19:36:44', 'N/A', '[]', NULL, 6, 18, 0, '2020-07-29 19:36:44', '2020-07-29 19:36:44'),
(367, 'Roisin', 'H', NULL, '100001035064033', NULL, NULL, NULL, NULL, '2020-07-29 19:36:44', 'N/A', '[]', NULL, 6, 18, 0, '2020-07-29 19:36:44', '2020-07-29 19:36:44'),
(368, 'Rowdy', 'Roque', NULL, '100001015398759', NULL, NULL, NULL, NULL, '2020-07-29 19:36:44', 'N/A', '[]', NULL, 6, 18, 0, '2020-07-29 19:36:44', '2020-07-29 19:36:44'),
(369, 'Rick', 'Lowrie', NULL, '100001007969019', NULL, NULL, NULL, NULL, '2020-07-29 19:36:44', 'N/A', '[]', NULL, 6, 18, 0, '2020-07-29 19:36:44', '2020-07-29 19:36:44'),
(370, 'Rc', 'Simon', NULL, '100000939348048', NULL, NULL, NULL, NULL, '2020-07-29 19:36:44', 'N/A', '[]', NULL, 6, 18, 0, '2020-07-29 19:36:44', '2020-07-29 19:36:44'),
(371, 'Amelia', 'Thomas', NULL, '100000901074440', NULL, NULL, NULL, NULL, '2020-07-29 19:36:44', 'N/A', '[]', NULL, 6, 18, 0, '2020-07-29 19:36:44', '2020-07-29 19:36:44'),
(372, 'Sara', 'Smile', NULL, '100000889735890', NULL, NULL, NULL, NULL, '2020-07-29 19:36:44', 'N/A', '[]', NULL, 6, 18, 0, '2020-07-29 19:36:44', '2020-07-29 19:36:44'),
(373, 'Nate', 'Forrest', NULL, '100000833319779', NULL, NULL, NULL, NULL, '2020-07-29 19:36:44', 'N/A', '[]', NULL, 6, 18, 0, '2020-07-29 19:36:44', '2020-07-29 19:36:44'),
(374, 'Ty', 'Cohen', NULL, '100000733213896', NULL, NULL, NULL, NULL, '2020-07-29 19:37:24', 'N/A', '[]', NULL, 6, 18, 0, '2020-07-29 19:37:24', '2020-07-29 19:37:24'),
(375, 'Tim', 'Beachum', NULL, '100000716393678', NULL, NULL, NULL, NULL, '2020-07-29 19:37:24', 'N/A', '[]', NULL, 6, 18, 0, '2020-07-29 19:37:24', '2020-07-29 19:37:24'),
(376, 'Aliyah', 'Dastour', NULL, '100000648908278', NULL, NULL, NULL, NULL, '2020-07-29 19:37:24', 'N/A', '[]', NULL, 6, 18, 0, '2020-07-29 19:37:24', '2020-07-29 19:37:24'),
(377, 'Dylan', 'W', NULL, '100000606153867', NULL, NULL, NULL, NULL, '2020-07-29 19:37:24', 'N/A', '[]', NULL, 6, 18, 0, '2020-07-29 19:37:24', '2020-07-29 19:37:24'),
(378, 'Christine', 'Pollard', NULL, '100000584084167', NULL, NULL, NULL, NULL, '2020-07-29 19:37:24', 'N/A', '[]', NULL, 6, 18, 0, '2020-07-29 19:37:24', '2020-07-29 19:37:24'),
(379, 'Ken', 'Pringle', NULL, '100000559146328', NULL, NULL, NULL, NULL, '2020-07-29 19:37:24', 'N/A', '[]', NULL, 6, 18, 0, '2020-07-29 19:37:24', '2020-07-29 19:37:24'),
(380, 'Tom', 'Merkey', NULL, '100000535603329', NULL, NULL, NULL, NULL, '2020-07-29 19:37:24', 'N/A', '[]', NULL, 6, 18, 0, '2020-07-29 19:37:24', '2020-07-29 19:37:24'),
(381, 'Mccane', 'Hannon', NULL, '100000490489604', NULL, NULL, NULL, NULL, '2020-07-29 19:37:24', 'N/A', '[]', NULL, 6, 18, 0, '2020-07-29 19:37:24', '2020-07-29 19:37:24'),
(382, 'Sundey', 'Gardner', NULL, '100000487089931', NULL, NULL, NULL, NULL, '2020-07-29 19:37:24', 'N/A', '[]', NULL, 6, 18, 0, '2020-07-29 19:37:24', '2020-07-29 19:37:24'),
(383, 'Ben', 'Gregory', NULL, '100000479646823', NULL, NULL, NULL, NULL, '2020-07-29 19:37:24', 'N/A', '[]', NULL, 6, 18, 0, '2020-07-29 19:37:24', '2020-07-29 19:37:24'),
(384, 'Alex', 'Maunu', NULL, '100000367341689', NULL, NULL, NULL, NULL, '2020-07-29 19:37:24', 'N/A', '[]', NULL, 6, 18, 0, '2020-07-29 19:37:24', '2020-07-29 19:37:24'),
(385, 'Marquel', 'Chill', NULL, '100000349333495', NULL, NULL, NULL, NULL, '2020-07-29 19:37:24', 'N/A', '[]', NULL, 6, 18, 0, '2020-07-29 19:37:24', '2020-07-29 19:37:24'),
(386, 'Donna', 'Veronica', NULL, '100000319956176', NULL, NULL, NULL, NULL, '2020-07-29 19:37:24', 'N/A', '[]', NULL, 6, 18, 0, '2020-07-29 19:37:24', '2020-07-29 19:37:24'),
(387, 'Shonda', 'White', NULL, '100000161192708', NULL, NULL, NULL, NULL, '2020-07-29 19:37:24', 'N/A', '[]', NULL, 6, 18, 0, '2020-07-29 19:37:24', '2020-07-29 19:37:24'),
(388, 'Brian', 'Smoot', NULL, '100000158078903', NULL, NULL, NULL, NULL, '2020-07-29 19:37:24', 'N/A', '[]', NULL, 6, 18, 0, '2020-07-29 19:37:24', '2020-07-29 19:37:24'),
(389, 'Justin', 'Lofton', NULL, '100000077583533', NULL, NULL, NULL, NULL, '2020-07-29 19:37:24', 'N/A', '[]', NULL, 6, 18, 0, '2020-07-29 19:37:24', '2020-07-29 19:37:24'),
(390, 'Christian', 'Escobedo', NULL, '100000075917915', NULL, NULL, NULL, NULL, '2020-07-29 19:37:24', 'N/A', '[]', NULL, 6, 18, 0, '2020-07-29 19:37:24', '2020-07-29 19:37:24'),
(391, 'Landon', 'Stewart', NULL, '100000071653123', NULL, NULL, NULL, NULL, '2020-07-29 19:37:24', 'N/A', '[]', NULL, 6, 18, 0, '2020-07-29 19:37:24', '2020-07-29 19:37:24'),
(392, 'Olivia', 'U', NULL, '100000070860189', NULL, NULL, NULL, NULL, '2020-07-29 19:37:24', 'N/A', '[]', NULL, 6, 18, 0, '2020-07-29 19:37:24', '2020-07-29 19:37:24'),
(393, 'Jamiu', 'Oloyede', NULL, '100000067431311', NULL, NULL, NULL, NULL, '2020-07-29 19:37:24', 'N/A', '[]', NULL, 6, 18, 0, '2020-07-29 19:37:24', '2020-07-29 19:37:24'),
(394, 'Joe', 'Barhoumi', NULL, '1846328943', NULL, NULL, NULL, NULL, '2020-07-29 19:37:24', 'N/A', '[]', NULL, 6, 18, 0, '2020-07-29 19:37:24', '2020-07-29 19:37:24'),
(395, 'Sariel', 'Mazuz', NULL, '1829337344', NULL, NULL, NULL, NULL, '2020-07-29 19:37:24', 'N/A', '[]', NULL, 6, 18, 0, '2020-07-29 19:37:24', '2020-07-29 19:37:24'),
(396, 'Jason', 'Jurgens', NULL, '1817410203', NULL, NULL, NULL, NULL, '2020-07-29 19:37:24', 'N/A', '[]', NULL, 6, 18, 0, '2020-07-29 19:37:24', '2020-07-29 19:37:24'),
(397, 'Sandhan', 'U', NULL, '1812017732', NULL, NULL, NULL, NULL, '2020-07-29 19:37:24', 'N/A', '[]', NULL, 6, 18, 0, '2020-07-29 19:37:24', '2020-07-29 19:37:24'),
(398, 'Tyler', 'Tashiro', NULL, '1808319482', NULL, NULL, NULL, NULL, '2020-07-29 19:37:24', 'N/A', '[]', NULL, 6, 18, 0, '2020-07-29 19:37:24', '2020-07-29 19:37:24'),
(399, 'Scott', 'Turner', NULL, '1798304727', NULL, NULL, NULL, NULL, '2020-07-29 19:37:24', 'N/A', '[]', NULL, 6, 18, 0, '2020-07-29 19:37:24', '2020-07-29 19:37:24'),
(400, 'Jon', 'Kapity', NULL, '1784375753', NULL, NULL, NULL, NULL, '2020-07-29 19:37:24', 'N/A', '[]', NULL, 6, 18, 0, '2020-07-29 19:37:24', '2020-07-29 19:37:24'),
(401, 'TJ', 'Barker', NULL, '1751071644', NULL, NULL, NULL, NULL, '2020-07-29 19:37:24', 'N/A', '[]', NULL, 6, 18, 0, '2020-07-29 19:37:24', '2020-07-29 19:37:24'),
(402, 'Tim', 'Schoenberg', NULL, '1738429331', NULL, NULL, NULL, NULL, '2020-07-29 19:37:24', 'N/A', '[]', NULL, 6, 18, 0, '2020-07-29 19:37:24', '2020-07-29 19:37:24'),
(403, 'Aimee', 'Devlin', NULL, '1659914738', NULL, NULL, NULL, NULL, '2020-07-29 19:37:24', 'N/A', '[]', NULL, 6, 18, 0, '2020-07-29 19:37:24', '2020-07-29 19:37:24'),
(404, 'Marina', 'Lukež', NULL, '1659731732', NULL, NULL, NULL, NULL, '2020-07-29 19:38:04', 'N/A', '[]', NULL, 6, 18, 0, '2020-07-29 19:38:04', '2020-07-29 19:38:04'),
(405, 'Lauren', 'T.', NULL, '1653494415', NULL, NULL, NULL, NULL, '2020-07-29 19:38:04', 'N/A', '[]', NULL, 6, 18, 0, '2020-07-29 19:38:04', '2020-07-29 19:38:04'),
(406, 'Kito', 'J.', NULL, '1635890528', NULL, NULL, NULL, NULL, '2020-07-29 19:38:04', 'N/A', '[]', NULL, 6, 18, 0, '2020-07-29 19:38:04', '2020-07-29 19:38:04'),
(407, 'Erin', 'Haft', NULL, '1610856754', NULL, NULL, NULL, NULL, '2020-07-29 19:38:04', 'N/A', '[]', NULL, 6, 18, 0, '2020-07-29 19:38:04', '2020-07-29 19:38:04'),
(408, 'Leah', 'Lowe', NULL, '1598899843', NULL, NULL, NULL, NULL, '2020-07-29 19:38:04', 'N/A', '[]', NULL, 6, 18, 0, '2020-07-29 19:38:04', '2020-07-29 19:38:04'),
(409, 'Jeffrey', 'Judge', NULL, '1595936692', NULL, NULL, NULL, NULL, '2020-07-29 19:38:04', 'N/A', '[]', NULL, 6, 18, 0, '2020-07-29 19:38:04', '2020-07-29 19:38:04'),
(410, 'Kristi', 'Human', NULL, '1588776010', NULL, NULL, NULL, NULL, '2020-07-29 19:38:04', 'N/A', '[]', NULL, 6, 18, 0, '2020-07-29 19:38:04', '2020-07-29 19:38:04'),
(411, 'Jared', 'Barto', NULL, '1582716757', NULL, NULL, NULL, NULL, '2020-07-29 19:38:04', 'N/A', '[]', NULL, 6, 18, 0, '2020-07-29 19:38:04', '2020-07-29 19:38:04'),
(412, 'Mark', 'David', NULL, '1580348165', NULL, NULL, NULL, NULL, '2020-07-29 19:38:04', 'N/A', '[]', NULL, 6, 18, 0, '2020-07-29 19:38:04', '2020-07-29 19:38:04'),
(413, 'Ericka', 'Sims-Bell', NULL, '1569221346', NULL, NULL, NULL, NULL, '2020-07-29 19:38:04', 'N/A', '[]', NULL, 6, 18, 0, '2020-07-29 19:38:04', '2020-07-29 19:38:04'),
(414, 'Marcia', 'Bench', NULL, '1537024170', NULL, NULL, NULL, NULL, '2020-07-29 19:38:04', 'N/A', '[]', NULL, 6, 18, 0, '2020-07-29 19:38:04', '2020-07-29 19:38:04'),
(415, 'Yassin', 'Bidaoui', NULL, '1510346477', NULL, NULL, NULL, NULL, '2020-07-29 19:38:04', 'N/A', '[]', NULL, 6, 18, 0, '2020-07-29 19:38:04', '2020-07-29 19:38:04'),
(416, 'Rob', 'Hernandez', NULL, '1501536286', NULL, NULL, NULL, NULL, '2020-07-29 19:38:04', 'N/A', '[]', NULL, 6, 18, 0, '2020-07-29 19:38:04', '2020-07-29 19:38:04'),
(417, 'Chris', 'Stapleton', NULL, '1487136913', NULL, NULL, NULL, NULL, '2020-07-29 19:38:04', 'N/A', '[]', NULL, 6, 18, 0, '2020-07-29 19:38:04', '2020-07-29 19:38:04'),
(418, 'Mike', 'Hobbs', NULL, '1483708147', NULL, NULL, NULL, NULL, '2020-07-29 19:38:04', 'N/A', '[]', NULL, 6, 18, 0, '2020-07-29 19:38:04', '2020-07-29 19:38:04'),
(419, 'Mary', 'Hamilton', NULL, '1480582835', NULL, NULL, NULL, NULL, '2020-07-29 19:38:04', 'N/A', '[]', NULL, 6, 18, 0, '2020-07-29 19:38:04', '2020-07-29 19:38:04'),
(420, 'Joy', 'Graves', NULL, '1475331585', NULL, NULL, NULL, NULL, '2020-07-29 19:38:04', 'N/A', '[]', NULL, 6, 18, 0, '2020-07-29 19:38:04', '2020-07-29 19:38:04'),
(421, 'Danielle', 'Rogers', NULL, '1470745815', NULL, NULL, NULL, NULL, '2020-07-29 19:38:04', 'N/A', '[]', NULL, 6, 18, 0, '2020-07-29 19:38:04', '2020-07-29 19:38:04'),
(422, 'David', 'Huckaby', NULL, '1469642214', NULL, NULL, NULL, NULL, '2020-07-29 19:38:04', 'N/A', '[]', NULL, 6, 18, 0, '2020-07-29 19:38:04', '2020-07-29 19:38:04'),
(423, 'Christian', 'Phillip', NULL, '1460894829', NULL, NULL, NULL, NULL, '2020-07-29 19:38:04', 'N/A', '[]', NULL, 6, 18, 0, '2020-07-29 19:38:04', '2020-07-29 19:38:04'),
(424, 'Kevin', 'Murchison', NULL, '1443514694', NULL, NULL, NULL, NULL, '2020-07-29 19:38:04', 'N/A', '[]', NULL, 6, 18, 0, '2020-07-29 19:38:04', '2020-07-29 19:38:04'),
(425, 'Joseph', 'Aaron', NULL, '1443513532', NULL, NULL, NULL, NULL, '2020-07-29 19:38:04', 'N/A', '[]', NULL, 6, 18, 0, '2020-07-29 19:38:04', '2020-07-29 19:38:04'),
(426, 'Marguerita', 'Vorobioff', NULL, '1435107710', NULL, NULL, NULL, NULL, '2020-07-29 19:38:04', 'N/A', '[]', NULL, 6, 18, 0, '2020-07-29 19:38:04', '2020-07-29 19:38:04'),
(427, 'Casey', 'Corbin', NULL, '1431724999', NULL, NULL, NULL, NULL, '2020-07-29 19:38:04', 'N/A', '[]', NULL, 6, 18, 0, '2020-07-29 19:38:04', '2020-07-29 19:38:04'),
(428, 'Brooke', 'Heki', NULL, '1429886499', NULL, NULL, NULL, NULL, '2020-07-29 19:38:04', 'N/A', '[]', NULL, 6, 18, 0, '2020-07-29 19:38:04', '2020-07-29 19:38:04'),
(429, 'Mark', 'Dollan', NULL, '1423695104', NULL, NULL, NULL, NULL, '2020-07-29 19:38:04', 'N/A', '[]', NULL, 6, 18, 0, '2020-07-29 19:38:04', '2020-07-29 19:38:04'),
(430, 'Brady', 'McCarty', NULL, '1422982143', NULL, NULL, NULL, NULL, '2020-07-29 19:38:04', 'N/A', '[]', NULL, 6, 18, 0, '2020-07-29 19:38:04', '2020-07-29 19:38:04'),
(431, 'Tracy', 'Swain', NULL, '1422543132', NULL, NULL, NULL, NULL, '2020-07-29 19:38:04', 'N/A', '[]', NULL, 6, 18, 0, '2020-07-29 19:38:04', '2020-07-29 19:38:04'),
(432, 'Tameka', 'Bryant', NULL, '1415209591', NULL, NULL, NULL, NULL, '2020-07-29 19:38:04', 'N/A', '[]', NULL, 6, 18, 0, '2020-07-29 19:38:04', '2020-07-29 19:38:04'),
(433, 'Elliott', 'Rashed', NULL, '1414471527', NULL, NULL, NULL, NULL, '2020-07-29 19:38:04', 'N/A', '[]', NULL, 6, 18, 0, '2020-07-29 19:38:04', '2020-07-29 19:38:04'),
(434, 'David', 'Whalley', NULL, '1412964811', NULL, NULL, NULL, NULL, '2020-07-29 19:38:44', 'N/A', '[]', NULL, 6, 18, 0, '2020-07-29 19:38:44', '2020-07-29 19:38:44'),
(435, 'Robin', 'Rounds', NULL, '1398241952', NULL, NULL, NULL, NULL, '2020-07-29 19:38:44', 'N/A', '[]', NULL, 6, 18, 0, '2020-07-29 19:38:44', '2020-07-29 19:38:44'),
(436, 'Grant', 'Murray', NULL, '1394984016', NULL, NULL, NULL, NULL, '2020-07-29 19:38:44', 'N/A', '[]', NULL, 6, 18, 0, '2020-07-29 19:38:44', '2020-07-29 19:38:44'),
(437, 'Taylor', 'Thompson', NULL, '1394464693', NULL, NULL, NULL, NULL, '2020-07-29 19:38:44', 'N/A', '[]', NULL, 6, 18, 0, '2020-07-29 19:38:44', '2020-07-29 19:38:44'),
(438, 'John', 'Thompson', NULL, '1383505941', NULL, NULL, NULL, NULL, '2020-07-29 19:38:44', 'N/A', '[]', NULL, 6, 18, 0, '2020-07-29 19:38:44', '2020-07-29 19:38:44'),
(439, 'Jody', 'Reynolds', NULL, '1377836556', NULL, NULL, NULL, NULL, '2020-07-29 19:38:44', 'N/A', '[]', NULL, 6, 18, 0, '2020-07-29 19:38:44', '2020-07-29 19:38:44'),
(440, 'Alaina', 'Rupe', NULL, '1375977780', NULL, NULL, NULL, NULL, '2020-07-29 19:38:44', 'N/A', '[]', NULL, 6, 18, 0, '2020-07-29 19:38:44', '2020-07-29 19:38:44'),
(441, 'Jackie', 'O', NULL, '1375673045', NULL, NULL, NULL, NULL, '2020-07-29 19:38:44', 'N/A', '[]', NULL, 6, 18, 0, '2020-07-29 19:38:44', '2020-07-29 19:38:44'),
(442, 'Pam', 'Middleton', NULL, '1373596731', NULL, NULL, NULL, NULL, '2020-07-29 19:38:44', 'N/A', '[]', NULL, 6, 18, 0, '2020-07-29 19:38:44', '2020-07-29 19:38:44'),
(443, 'Maximilian', 'Blomqvist', NULL, '1371405072', NULL, NULL, NULL, NULL, '2020-07-29 19:38:44', 'N/A', '[]', NULL, 6, 18, 0, '2020-07-29 19:38:44', '2020-07-29 19:38:44'),
(444, 'Dylan', 'Renfro', NULL, '1368380658', NULL, NULL, NULL, NULL, '2020-07-29 19:38:44', 'N/A', '[]', NULL, 6, 18, 0, '2020-07-29 19:38:44', '2020-07-29 19:38:44'),
(445, 'Amy', 'K', NULL, '1350220574', NULL, NULL, NULL, NULL, '2020-07-29 19:38:44', 'N/A', '[]', NULL, 6, 18, 0, '2020-07-29 19:38:44', '2020-07-29 19:38:44'),
(446, 'Necia', 'Baabs', NULL, '1346241444', NULL, NULL, NULL, NULL, '2020-07-29 19:38:44', 'N/A', '[]', NULL, 6, 18, 0, '2020-07-29 19:38:44', '2020-07-29 19:38:44'),
(447, 'Charles', 'Glover', NULL, '1342556565', NULL, NULL, NULL, NULL, '2020-07-29 19:38:44', 'N/A', '[]', NULL, 6, 18, 0, '2020-07-29 19:38:44', '2020-07-29 19:38:44'),
(448, 'Kathy', 'Mattoon', NULL, '1341151839', NULL, NULL, NULL, NULL, '2020-07-29 19:38:44', 'N/A', '[]', NULL, 6, 18, 0, '2020-07-29 19:38:44', '2020-07-29 19:38:44'),
(449, 'Joe', 'Hall', NULL, '1323144303', NULL, NULL, NULL, NULL, '2020-07-29 19:38:44', 'N/A', '[]', NULL, 6, 18, 0, '2020-07-29 19:38:44', '2020-07-29 19:38:44'),
(450, 'Jessie', 'Mercado', NULL, '1313576843', NULL, NULL, NULL, NULL, '2020-07-29 19:38:44', 'N/A', '[]', NULL, 6, 18, 0, '2020-07-29 19:38:44', '2020-07-29 19:38:44'),
(451, 'Andrew', 'Sherratt', NULL, '1312122584', NULL, NULL, NULL, NULL, '2020-07-29 19:38:44', 'N/A', '[]', NULL, 6, 18, 0, '2020-07-29 19:38:44', '2020-07-29 19:38:44'),
(452, 'Lisa', 'Robinton', NULL, '1303491177', NULL, NULL, NULL, NULL, '2020-07-29 19:38:44', 'N/A', '[]', NULL, 6, 18, 0, '2020-07-29 19:38:44', '2020-07-29 19:38:44'),
(453, 'Freddie', 'Palomarez', NULL, '1303435327', NULL, NULL, NULL, NULL, '2020-07-29 19:38:44', 'N/A', '[]', NULL, 6, 18, 0, '2020-07-29 19:38:44', '2020-07-29 19:38:44'),
(454, 'Dawn', 'Marie', NULL, '1302405988', NULL, NULL, NULL, NULL, '2020-07-29 19:38:44', 'N/A', '[]', NULL, 6, 18, 0, '2020-07-29 19:38:44', '2020-07-29 19:38:44'),
(455, 'John', 'Ossipinsky', NULL, '1297543056', NULL, NULL, NULL, NULL, '2020-07-29 19:38:44', 'N/A', '[]', NULL, 6, 18, 0, '2020-07-29 19:38:44', '2020-07-29 19:38:44'),
(456, 'Tom', 'Putt', NULL, '1295592373', NULL, NULL, NULL, NULL, '2020-07-29 19:38:44', 'N/A', '[]', NULL, 6, 18, 0, '2020-07-29 19:38:44', '2020-07-29 19:38:44'),
(457, 'Charlie', 'Gregory', NULL, '1278092623', NULL, NULL, NULL, NULL, '2020-07-29 19:38:44', 'N/A', '[]', NULL, 6, 18, 0, '2020-07-29 19:38:44', '2020-07-29 19:38:44'),
(458, 'Lexi', 'D\'Angelo', NULL, '1234440048', NULL, NULL, NULL, NULL, '2020-07-29 19:38:44', 'N/A', '[]', NULL, 6, 18, 0, '2020-07-29 19:38:44', '2020-07-29 19:38:44'),
(459, 'Annie', 'M', NULL, '1232157174', NULL, NULL, NULL, NULL, '2020-07-29 19:38:44', 'N/A', '[]', NULL, 6, 18, 0, '2020-07-29 19:38:44', '2020-07-29 19:38:44'),
(460, 'Ryan', 'McBurney', NULL, '1231514835', NULL, NULL, NULL, NULL, '2020-07-29 19:38:44', 'N/A', '[]', NULL, 6, 18, 0, '2020-07-29 19:38:44', '2020-07-29 19:38:44'),
(461, 'Tony', 'James', NULL, '1224083096', NULL, NULL, NULL, NULL, '2020-07-29 19:38:44', 'N/A', '[]', NULL, 6, 18, 0, '2020-07-29 19:38:44', '2020-07-29 19:38:44'),
(462, 'Lee', 'Green', NULL, '1218183016', NULL, NULL, NULL, NULL, '2020-07-29 19:38:44', 'N/A', '[]', NULL, 6, 18, 0, '2020-07-29 19:38:44', '2020-07-29 19:38:44'),
(463, 'Bridget', 'Anderson', NULL, '1216002615', NULL, NULL, NULL, NULL, '2020-07-29 19:38:44', 'N/A', '[]', NULL, 6, 18, 0, '2020-07-29 19:38:44', '2020-07-29 19:38:44'),
(464, 'Cyndy', 'Dumire', NULL, '1209016141', NULL, NULL, NULL, NULL, '2020-07-29 19:39:24', 'N/A', '[]', NULL, 6, 18, 0, '2020-07-29 19:39:24', '2020-07-29 19:39:24'),
(465, 'Cyndee', 'Harrison', NULL, '1204085461', NULL, NULL, NULL, NULL, '2020-07-29 19:39:24', 'N/A', '[]', NULL, 6, 18, 0, '2020-07-29 19:39:24', '2020-07-29 19:39:24'),
(466, 'Stefanie', 'Atkins', NULL, '1193728179', NULL, NULL, NULL, NULL, '2020-07-29 19:39:24', 'N/A', '[]', NULL, 6, 18, 0, '2020-07-29 19:39:24', '2020-07-29 19:39:24'),
(467, 'Drew', 'Taylor', NULL, '1190100304', NULL, NULL, NULL, NULL, '2020-07-29 19:39:24', 'N/A', '[]', NULL, 6, 18, 0, '2020-07-29 19:39:24', '2020-07-29 19:39:24'),
(468, 'Subira', 'Folami', NULL, '1180717232', NULL, NULL, NULL, NULL, '2020-07-29 19:39:24', 'N/A', '[]', NULL, 6, 18, 0, '2020-07-29 19:39:24', '2020-07-29 19:39:24'),
(469, 'Elena', 'Zanfei', NULL, '1176875351', NULL, NULL, NULL, NULL, '2020-07-29 19:39:24', 'N/A', '[]', NULL, 6, 18, 0, '2020-07-29 19:39:24', '2020-07-29 19:39:24'),
(470, 'Becki', 'Johnson', NULL, '1171863667', NULL, NULL, NULL, NULL, '2020-07-29 19:39:24', 'N/A', '[]', NULL, 6, 18, 0, '2020-07-29 19:39:24', '2020-07-29 19:39:24'),
(471, 'Justin', 'Bauer', NULL, '1166852413', NULL, NULL, NULL, NULL, '2020-07-29 19:39:24', 'N/A', '[]', NULL, 6, 18, 0, '2020-07-29 19:39:24', '2020-07-29 19:39:24'),
(472, 'Andre', 'Catnott', NULL, '1166508970', NULL, NULL, NULL, NULL, '2020-07-29 19:39:24', 'N/A', '[]', NULL, 6, 18, 0, '2020-07-29 19:39:24', '2020-07-29 19:39:24'),
(473, 'Becky', 'Perry', NULL, '1160098096', NULL, NULL, NULL, NULL, '2020-07-29 19:39:24', 'N/A', '[]', NULL, 6, 18, 0, '2020-07-29 19:39:24', '2020-07-29 19:39:24'),
(474, 'Tom', 'Dumire', NULL, '1154276333', NULL, NULL, NULL, NULL, '2020-07-29 19:39:24', 'N/A', '[]', NULL, 6, 18, 0, '2020-07-29 19:39:24', '2020-07-29 19:39:24'),
(475, 'Mathew', 'Proud', NULL, '1148340055', NULL, NULL, NULL, NULL, '2020-07-29 19:39:24', 'N/A', '[]', NULL, 6, 18, 0, '2020-07-29 19:39:24', '2020-07-29 19:39:24'),
(476, 'Brandi', 'Meier', NULL, '1142310566', NULL, NULL, NULL, NULL, '2020-07-29 19:39:24', 'N/A', '[]', NULL, 6, 18, 0, '2020-07-29 19:39:24', '2020-07-29 19:39:24'),
(477, 'Linda', 'Murray', NULL, '1141176555', NULL, NULL, NULL, NULL, '2020-07-29 19:39:24', 'N/A', '[]', NULL, 6, 18, 0, '2020-07-29 19:39:24', '2020-07-29 19:39:24'),
(478, 'Wess', 'Walters', NULL, '1121485302', NULL, NULL, NULL, NULL, '2020-07-29 19:39:24', 'N/A', '[]', NULL, 6, 18, 0, '2020-07-29 19:39:24', '2020-07-29 19:39:24'),
(479, 'David', 'Denning', NULL, '1120500538', NULL, NULL, NULL, NULL, '2020-07-29 19:39:24', 'N/A', '[]', NULL, 6, 18, 0, '2020-07-29 19:39:24', '2020-07-29 19:39:24'),
(480, 'Pradeep', 'Thomas', NULL, '1112859703', NULL, NULL, NULL, NULL, '2020-07-29 19:39:24', 'N/A', '[]', NULL, 6, 18, 0, '2020-07-29 19:39:24', '2020-07-29 19:39:24'),
(481, 'Dawn', 'Marie', NULL, '1109331177', NULL, NULL, NULL, NULL, '2020-07-29 19:39:24', 'N/A', '[]', NULL, 6, 18, 0, '2020-07-29 19:39:24', '2020-07-29 19:39:24'),
(482, 'Regina', 'Garvin-Buckley', NULL, '1083705086', NULL, NULL, NULL, NULL, '2020-07-29 19:39:24', 'N/A', '[]', NULL, 6, 18, 0, '2020-07-29 19:39:24', '2020-07-29 19:39:24'),
(483, 'Mary', 'Stimson', NULL, '1082882245', NULL, NULL, NULL, NULL, '2020-07-29 19:39:24', 'N/A', '[]', NULL, 6, 18, 0, '2020-07-29 19:39:24', '2020-07-29 19:39:24'),
(484, 'Jacinta', 'Staines', NULL, '1079611643', NULL, NULL, NULL, NULL, '2020-07-29 19:39:24', 'N/A', '[]', NULL, 6, 18, 0, '2020-07-29 19:39:24', '2020-07-29 19:39:24'),
(485, 'Chuck', 'Sharpsteen', NULL, '1077600236', NULL, NULL, NULL, NULL, '2020-07-29 19:39:24', 'N/A', '[]', NULL, 6, 18, 0, '2020-07-29 19:39:24', '2020-07-29 19:39:24'),
(486, 'Tanya', 'Pospical', NULL, '1064297187', NULL, NULL, NULL, NULL, '2020-07-29 19:39:24', 'N/A', '[]', NULL, 6, 18, 0, '2020-07-29 19:39:24', '2020-07-29 19:39:24'),
(487, 'Angela', 'Aloisio', NULL, '1056817907', NULL, NULL, NULL, NULL, '2020-07-29 19:39:24', 'N/A', '[]', NULL, 6, 18, 0, '2020-07-29 19:39:24', '2020-07-29 19:39:24'),
(488, 'Samantha', 'Jane', NULL, '1052481156', NULL, NULL, NULL, NULL, '2020-07-29 19:39:24', 'N/A', '[]', NULL, 6, 18, 0, '2020-07-29 19:39:24', '2020-07-29 19:39:24'),
(489, 'Roe', 'Fisher', NULL, '1047919915', NULL, NULL, NULL, NULL, '2020-07-29 19:39:24', 'N/A', '[]', NULL, 6, 18, 0, '2020-07-29 19:39:24', '2020-07-29 19:39:24'),
(490, 'Caroline', 'Wiseman', NULL, '1047543705', NULL, NULL, NULL, NULL, '2020-07-29 19:39:24', 'N/A', '[]', NULL, 6, 18, 0, '2020-07-29 19:39:24', '2020-07-29 19:39:24'),
(491, 'Kyliee', 'X.', NULL, '1032856064', NULL, NULL, NULL, NULL, '2020-07-29 19:39:24', 'N/A', '[]', NULL, 6, 18, 0, '2020-07-29 19:39:24', '2020-07-29 19:39:24'),
(492, 'Deekron', 'Krikorian', NULL, '1032120361', NULL, NULL, NULL, NULL, '2020-07-29 19:39:24', 'N/A', '[]', NULL, 6, 18, 0, '2020-07-29 19:39:24', '2020-07-29 19:39:24'),
(493, 'Michael', 'Duivis', NULL, '1027522146', NULL, NULL, NULL, NULL, '2020-07-29 19:39:24', 'N/A', '[]', NULL, 6, 18, 0, '2020-07-29 19:39:24', '2020-07-29 19:39:24'),
(494, 'Mike', 'Maunu', NULL, '1027096507', NULL, NULL, NULL, NULL, '2020-07-29 19:40:04', 'N/A', '[]', NULL, 6, 18, 0, '2020-07-29 19:40:04', '2020-07-29 19:40:04'),
(495, 'Cathy', 'Osborn', NULL, '1022164564', NULL, NULL, NULL, NULL, '2020-07-29 19:40:04', 'N/A', '[]', NULL, 6, 18, 0, '2020-07-29 19:40:04', '2020-07-29 19:40:04'),
(496, 'Denise', 'Springmeyer', NULL, '1017235561', NULL, NULL, NULL, NULL, '2020-07-29 19:40:04', 'N/A', '[]', NULL, 6, 18, 0, '2020-07-29 19:40:04', '2020-07-29 19:40:04'),
(497, 'Veer', 'Arora', NULL, '1014338937', NULL, NULL, NULL, NULL, '2020-07-29 19:40:04', 'N/A', '[]', NULL, 6, 18, 0, '2020-07-29 19:40:04', '2020-07-29 19:40:04'),
(498, 'Ed', 'Ouano', NULL, '1011701651', NULL, NULL, NULL, NULL, '2020-07-29 19:40:04', 'N/A', '[]', NULL, 6, 18, 0, '2020-07-29 19:40:04', '2020-07-29 19:40:04'),
(499, 'Yianni', 'Marlas', NULL, '1005183935', NULL, NULL, NULL, NULL, '2020-07-29 19:40:04', 'N/A', '[]', NULL, 6, 18, 0, '2020-07-29 19:40:04', '2020-07-29 19:40:04'),
(500, 'Rob', 'Fore', NULL, '1003851074', NULL, NULL, NULL, NULL, '2020-07-29 19:40:04', 'N/A', '[]', NULL, 6, 18, 0, '2020-07-29 19:40:04', '2020-07-29 19:40:04'),
(501, 'Sandra', 'Joy', NULL, '1000542663', NULL, NULL, NULL, NULL, '2020-07-29 19:40:04', 'N/A', '[]', NULL, 6, 18, 0, '2020-07-29 19:40:04', '2020-07-29 19:40:04'),
(502, 'Laurie', 'A.', NULL, '1000490750', NULL, NULL, NULL, NULL, '2020-07-29 19:40:04', 'N/A', '[]', NULL, 6, 18, 0, '2020-07-29 19:40:04', '2020-07-29 19:40:04'),
(503, 'Elisa', 'Van', NULL, '902085376', NULL, NULL, NULL, NULL, '2020-07-30 04:37:05', 'N/A', '[]', NULL, 6, 18, 1, '2020-07-29 19:40:04', '2020-07-30 04:37:05'),
(504, 'Johnny', 'Leeson', NULL, '895655034', NULL, NULL, NULL, NULL, '2020-07-29 19:40:04', 'N/A', '[]', NULL, 6, 18, 0, '2020-07-29 19:40:04', '2020-07-29 19:40:04'),
(505, 'Mick', 'Lolekonda', NULL, '889300286', NULL, NULL, NULL, NULL, '2020-07-29 19:40:04', 'N/A', '[]', NULL, 6, 18, 0, '2020-07-29 19:40:04', '2020-07-29 19:40:04'),
(506, 'Omar', 'Elattar', NULL, '851600623', NULL, NULL, NULL, NULL, '2020-07-29 19:40:04', 'N/A', '[]', NULL, 6, 18, 0, '2020-07-29 19:40:04', '2020-07-29 19:40:04'),
(507, 'Alexandra', 'Favero', NULL, '851295289', NULL, NULL, NULL, NULL, '2020-07-29 19:40:04', 'N/A', '[]', NULL, 6, 18, 0, '2020-07-29 19:40:04', '2020-07-29 19:40:04'),
(508, 'Cori', 'Perez', NULL, '839345208', NULL, NULL, NULL, NULL, '2020-07-29 19:40:04', 'N/A', '[]', NULL, 6, 18, 0, '2020-07-29 19:40:04', '2020-07-29 19:40:04'),
(509, 'Sasha', 'A', NULL, '832862415', NULL, NULL, NULL, NULL, '2020-07-29 19:40:04', 'N/A', '[]', NULL, 6, 18, 0, '2020-07-29 19:40:04', '2020-07-29 19:40:04'),
(510, 'Eli', 'Sanchez', NULL, '831228887', NULL, NULL, NULL, NULL, '2020-07-29 19:40:04', 'N/A', '[]', NULL, 6, 18, 0, '2020-07-29 19:40:04', '2020-07-29 19:40:04'),
(511, 'Shelly', 'Yorgesen', NULL, '827342659', NULL, NULL, NULL, NULL, '2020-07-29 19:40:04', 'N/A', '[]', NULL, 6, 18, 0, '2020-07-29 19:40:04', '2020-07-29 19:40:04'),
(512, 'Renee', 'Bowen', NULL, '819059665', NULL, NULL, NULL, NULL, '2020-07-29 19:40:04', 'N/A', '[]', NULL, 6, 18, 0, '2020-07-29 19:40:04', '2020-07-29 19:40:04'),
(513, 'Katherine', 'Forbes', NULL, '814159337', NULL, NULL, NULL, NULL, '2020-07-29 19:40:04', 'N/A', '[]', NULL, 6, 18, 0, '2020-07-29 19:40:04', '2020-07-29 19:40:04'),
(514, 'Hannah', 'Kim', NULL, '799460654', NULL, NULL, NULL, NULL, '2020-07-29 19:40:04', 'N/A', '[]', NULL, 6, 18, 0, '2020-07-29 19:40:04', '2020-07-29 19:40:04'),
(515, 'Michael', 'Pluszek', NULL, '799299307', NULL, NULL, NULL, NULL, '2020-07-29 19:40:04', 'N/A', '[]', NULL, 6, 18, 0, '2020-07-29 19:40:04', '2020-07-29 19:40:04'),
(516, 'Lee', 'Andrews', NULL, '779023985', NULL, NULL, NULL, NULL, '2020-07-29 19:40:04', 'N/A', '[]', NULL, 6, 18, 0, '2020-07-29 19:40:04', '2020-07-29 19:40:04'),
(517, 'Andrew', 'W.', NULL, '767066907', NULL, NULL, NULL, NULL, '2020-07-29 19:40:04', 'N/A', '[]', NULL, 6, 18, 0, '2020-07-29 19:40:04', '2020-07-29 19:40:04'),
(518, 'Tobias', 'J', NULL, '763760292', NULL, NULL, NULL, NULL, '2020-07-29 19:40:04', 'N/A', '[]', NULL, 6, 18, 0, '2020-07-29 19:40:04', '2020-07-29 19:40:04'),
(519, 'Meagan', 'Morgan', NULL, '754053436', NULL, NULL, NULL, NULL, '2020-07-29 19:40:04', 'N/A', '[]', NULL, 6, 18, 0, '2020-07-29 19:40:04', '2020-07-29 19:40:04'),
(520, 'Keith', 'Baxter', NULL, '746128676', NULL, NULL, NULL, NULL, '2020-07-29 19:40:04', 'N/A', '[]', NULL, 6, 18, 0, '2020-07-29 19:40:04', '2020-07-29 19:40:04'),
(521, 'Jesslyn', 'Kelly', NULL, '745445165', NULL, NULL, NULL, NULL, '2020-07-29 19:40:04', 'N/A', '[]', NULL, 6, 18, 0, '2020-07-29 19:40:04', '2020-07-29 19:40:04'),
(522, 'Amanda', 'X', NULL, '739311653', NULL, NULL, NULL, NULL, '2020-07-29 19:40:04', 'N/A', '[]', NULL, 6, 18, 0, '2020-07-29 19:40:04', '2020-07-29 19:40:04'),
(523, 'Joe', 'Leech', NULL, '734700890', NULL, NULL, NULL, NULL, '2020-07-29 19:40:04', 'N/A', '[]', NULL, 6, 18, 0, '2020-07-29 19:40:04', '2020-07-29 19:40:04'),
(524, 'Jorge', 'Zarate', NULL, '733610721', NULL, NULL, NULL, NULL, '2020-07-29 19:40:44', 'N/A', '[]', NULL, 6, 18, 0, '2020-07-29 19:40:44', '2020-07-29 19:40:44'),
(525, 'Julia', 'Fearon', NULL, '732200339', NULL, NULL, NULL, NULL, '2020-07-29 19:40:44', 'N/A', '[]', NULL, 6, 18, 0, '2020-07-29 19:40:44', '2020-07-29 19:40:44'),
(526, 'Anders', 'Tolsgaard', NULL, '732176860', NULL, NULL, NULL, NULL, '2020-07-29 19:40:44', 'N/A', '[]', NULL, 6, 18, 0, '2020-07-29 19:40:44', '2020-07-29 19:40:44'),
(527, 'Craig', 'Perrine', NULL, '729678588', NULL, NULL, NULL, NULL, '2020-07-29 19:40:44', 'N/A', '[]', NULL, 6, 18, 0, '2020-07-29 19:40:44', '2020-07-29 19:40:44'),
(528, 'Kim', 'Sterling', NULL, '725421172', NULL, NULL, NULL, NULL, '2020-07-29 19:40:44', 'N/A', '[]', NULL, 6, 18, 0, '2020-07-29 19:40:44', '2020-07-29 19:40:44'),
(529, 'Ryan', 'An', NULL, '724612328', NULL, NULL, NULL, NULL, '2020-07-29 19:40:44', 'N/A', '[]', NULL, 6, 18, 0, '2020-07-29 19:40:44', '2020-07-29 19:40:44'),
(530, 'Kelly', 'Morris', NULL, '716636126', NULL, NULL, NULL, NULL, '2020-07-29 19:40:44', 'N/A', '[]', NULL, 6, 18, 0, '2020-07-29 19:40:44', '2020-07-29 19:40:44'),
(531, 'Suzie', 'Cheel', NULL, '708566485', NULL, NULL, NULL, NULL, '2020-07-29 19:40:44', 'N/A', '[]', NULL, 6, 18, 0, '2020-07-29 19:40:44', '2020-07-29 19:40:44'),
(532, 'Ben', 'McLellan', NULL, '698468141', NULL, NULL, NULL, NULL, '2020-07-29 19:40:44', 'N/A', '[]', NULL, 6, 18, 0, '2020-07-29 19:40:44', '2020-07-29 19:40:44'),
(533, 'Ewen', 'Ryley', NULL, '696264803', NULL, NULL, NULL, NULL, '2020-07-29 19:40:44', 'N/A', '[]', NULL, 6, 18, 0, '2020-07-29 19:40:44', '2020-07-29 19:40:44'),
(534, 'Donald', 'Castellano', NULL, '694165462', NULL, NULL, NULL, NULL, '2020-07-29 19:40:44', 'N/A', '[]', NULL, 6, 18, 0, '2020-07-29 19:40:44', '2020-07-29 19:40:44'),
(535, 'Katherine', 'Hood', NULL, '691667051', NULL, NULL, NULL, NULL, '2020-07-29 19:40:44', 'N/A', '[]', NULL, 6, 18, 0, '2020-07-29 19:40:44', '2020-07-29 19:40:44'),
(536, 'Orne', 'Herbon', NULL, '689647412', NULL, NULL, NULL, NULL, '2020-07-29 19:40:44', 'N/A', '[]', NULL, 6, 18, 0, '2020-07-29 19:40:44', '2020-07-29 19:40:44'),
(537, 'Stephanie', 'McPhail', NULL, '684115383', NULL, NULL, NULL, NULL, '2020-07-29 19:40:44', 'N/A', '[]', NULL, 6, 18, 0, '2020-07-29 19:40:44', '2020-07-29 19:40:44'),
(538, 'Tai', 'Goodwin', NULL, '680192719', NULL, NULL, NULL, NULL, '2020-07-29 19:40:44', 'N/A', '[]', NULL, 6, 18, 0, '2020-07-29 19:40:44', '2020-07-29 19:40:44'),
(539, 'Carmen', 'Smith', NULL, '680096437', NULL, NULL, NULL, NULL, '2020-07-29 19:40:44', 'N/A', '[]', NULL, 6, 18, 0, '2020-07-29 19:40:44', '2020-07-29 19:40:44'),
(540, 'Matthew', 'Shetler', NULL, '675565602', NULL, NULL, NULL, NULL, '2020-07-29 19:40:44', 'N/A', '[]', NULL, 6, 18, 0, '2020-07-29 19:40:44', '2020-07-29 19:40:44'),
(541, 'Tami', 'Pine', NULL, '675166714', NULL, NULL, NULL, NULL, '2020-07-29 19:40:44', 'N/A', '[]', NULL, 6, 18, 0, '2020-07-29 19:40:44', '2020-07-29 19:40:44'),
(542, 'Svenja', 'H', NULL, '673542740', NULL, NULL, NULL, NULL, '2020-07-29 19:40:44', 'N/A', '[]', NULL, 6, 18, 0, '2020-07-29 19:40:44', '2020-07-29 19:40:44'),
(543, 'Brett', 'Kingstree', NULL, '672640405', NULL, NULL, NULL, NULL, '2020-07-29 19:40:44', 'N/A', '[]', NULL, 6, 18, 0, '2020-07-29 19:40:44', '2020-07-29 19:40:44'),
(544, 'Caleb', 'Maurice', NULL, '671807385', NULL, NULL, NULL, NULL, '2020-07-29 19:40:44', 'N/A', '[]', NULL, 6, 18, 0, '2020-07-29 19:40:44', '2020-07-29 19:40:44'),
(545, 'Robert', 'Henderson', NULL, '670745733', NULL, NULL, NULL, NULL, '2020-07-29 19:40:44', 'N/A', '[]', NULL, 6, 18, 0, '2020-07-29 19:40:44', '2020-07-29 19:40:44'),
(546, 'Tracy', 'Rose', NULL, '664810186', NULL, NULL, NULL, NULL, '2020-07-29 19:40:44', 'N/A', '[]', NULL, 6, 18, 0, '2020-07-29 19:40:44', '2020-07-29 19:40:44'),
(547, 'Lisa', 'Saline', NULL, '661683561', NULL, NULL, NULL, NULL, '2020-07-29 19:40:44', 'N/A', '[]', NULL, 6, 18, 0, '2020-07-29 19:40:44', '2020-07-29 19:40:44'),
(548, 'Adam', 'Packard', NULL, '656288139', NULL, NULL, NULL, NULL, '2020-07-29 19:40:44', 'N/A', '[]', NULL, 6, 18, 0, '2020-07-29 19:40:44', '2020-07-29 19:40:44'),
(549, 'Gabriela', 'Toro', NULL, '655884269', NULL, NULL, NULL, NULL, '2020-07-29 19:40:44', 'N/A', '[]', NULL, 6, 18, 0, '2020-07-29 19:40:44', '2020-07-29 19:40:44'),
(550, 'Kirra', 'Collins', NULL, '655230152', NULL, NULL, NULL, NULL, '2020-07-29 19:40:44', 'N/A', '[]', NULL, 6, 18, 0, '2020-07-29 19:40:44', '2020-07-29 19:40:44'),
(551, 'Tarin', 'Ward', NULL, '649101793', NULL, NULL, NULL, NULL, '2020-07-29 19:40:44', 'N/A', '[]', NULL, 6, 18, 0, '2020-07-29 19:40:44', '2020-07-29 19:40:44'),
(552, 'Tara', 'E', NULL, '648305943', NULL, NULL, NULL, NULL, '2020-07-29 19:40:44', 'N/A', '[]', NULL, 6, 18, 0, '2020-07-29 19:40:44', '2020-07-29 19:40:44'),
(553, 'Maya', 'Z', NULL, '647915737', NULL, NULL, NULL, NULL, '2020-07-29 19:40:44', 'N/A', '[]', NULL, 6, 18, 0, '2020-07-29 19:40:44', '2020-07-29 19:40:44'),
(554, 'Alejandro', 'Illera', NULL, '644596518', NULL, NULL, NULL, NULL, '2020-07-29 19:41:24', 'N/A', '[]', NULL, 6, 18, 0, '2020-07-29 19:41:24', '2020-07-29 19:41:24'),
(555, 'Mike', 'Felber', NULL, '643749260', NULL, NULL, NULL, NULL, '2020-07-29 19:41:24', 'N/A', '[]', NULL, 6, 18, 0, '2020-07-29 19:41:24', '2020-07-29 19:41:24'),
(556, 'Krista', 'Hoffpauir', NULL, '636334307', NULL, NULL, NULL, NULL, '2020-07-29 19:41:24', 'N/A', '[]', NULL, 6, 18, 0, '2020-07-29 19:41:24', '2020-07-29 19:41:24'),
(557, 'David', 'Charon', NULL, '633343270', NULL, NULL, NULL, NULL, '2020-07-29 19:41:24', 'N/A', '[]', NULL, 6, 18, 0, '2020-07-29 19:41:24', '2020-07-29 19:41:24'),
(558, 'Melissa', 'Fiori', NULL, '630368198', NULL, NULL, NULL, NULL, '2020-07-29 19:41:24', 'N/A', '[]', NULL, 6, 18, 0, '2020-07-29 19:41:24', '2020-07-29 19:41:24'),
(559, 'Alayna', 'W', NULL, '625512835', NULL, NULL, NULL, NULL, '2020-07-29 19:41:24', 'N/A', '[]', NULL, 6, 18, 0, '2020-07-29 19:41:24', '2020-07-29 19:41:24'),
(560, 'Nadia', 'Js', NULL, '624260241', NULL, NULL, NULL, NULL, '2020-07-29 19:41:24', 'N/A', '[]', NULL, 6, 18, 0, '2020-07-29 19:41:24', '2020-07-29 19:41:24'),
(561, 'Simon', 'Bensaidy', NULL, '621887633', NULL, NULL, NULL, NULL, '2020-07-29 19:41:24', 'N/A', '[]', NULL, 6, 18, 0, '2020-07-29 19:41:24', '2020-07-29 19:41:24'),
(562, 'Felicia', 'Kleopfer', NULL, '618929502', NULL, NULL, NULL, NULL, '2020-07-29 19:41:24', 'N/A', '[]', NULL, 6, 18, 0, '2020-07-29 19:41:24', '2020-07-29 19:41:24'),
(563, 'Deb', 'Willder', NULL, '617999396', NULL, NULL, NULL, NULL, '2020-07-29 19:41:24', 'N/A', '[]', NULL, 6, 18, 0, '2020-07-29 19:41:24', '2020-07-29 19:41:24'),
(564, 'Jamar', 'James', NULL, '617730985', NULL, NULL, NULL, NULL, '2020-07-29 19:41:24', 'N/A', '[]', NULL, 6, 18, 0, '2020-07-29 19:41:24', '2020-07-29 19:41:24'),
(565, 'Dorota', 'Antoszkiewicz', NULL, '612885941', NULL, NULL, NULL, NULL, '2020-07-29 19:41:24', 'N/A', '[]', NULL, 6, 18, 0, '2020-07-29 19:41:24', '2020-07-29 19:41:24'),
(566, 'David', 'Maynard', NULL, '606790766', NULL, NULL, NULL, NULL, '2020-07-29 19:41:24', 'N/A', '[]', NULL, 6, 18, 0, '2020-07-29 19:41:24', '2020-07-29 19:41:24'),
(567, 'Balazs', 'W', NULL, '604925696', NULL, NULL, NULL, NULL, '2020-07-29 19:41:24', 'N/A', '[]', NULL, 6, 18, 0, '2020-07-29 19:41:24', '2020-07-29 19:41:24'),
(568, 'Maria', 'Micaela', NULL, '603810827', NULL, NULL, NULL, NULL, '2020-07-29 19:41:24', 'N/A', '[]', NULL, 6, 18, 0, '2020-07-29 19:41:24', '2020-07-29 19:41:24'),
(569, 'Zsuzsi', 'Gero', NULL, '599127720', NULL, NULL, NULL, NULL, '2020-07-29 19:41:24', 'N/A', '[]', NULL, 6, 18, 0, '2020-07-29 19:41:24', '2020-07-29 19:41:24'),
(570, 'Adam', 'Potts', NULL, '588103144', NULL, NULL, NULL, NULL, '2020-07-29 19:41:24', 'N/A', '[]', NULL, 6, 18, 0, '2020-07-29 19:41:24', '2020-07-29 19:41:24'),
(571, 'Chris', 'Vande', NULL, '583355703', NULL, NULL, NULL, NULL, '2020-07-29 19:41:24', 'N/A', '[]', NULL, 6, 18, 0, '2020-07-29 19:41:24', '2020-07-29 19:41:24'),
(572, 'Marc', 'Hennes', NULL, '582117867', NULL, NULL, NULL, NULL, '2020-07-29 19:41:24', 'N/A', '[]', NULL, 6, 18, 0, '2020-07-29 19:41:24', '2020-07-29 19:41:24');
INSERT INTO `group_members` (`id`, `f_name`, `l_name`, `email`, `fb_id`, `a1`, `a2`, `a3`, `notes`, `date_add_time`, `respond_status`, `tags`, `img`, `user_id`, `group_id`, `is_deleted`, `created_at`, `updated_at`) VALUES
(573, 'Christi', 'Smither', NULL, '580528441', NULL, NULL, NULL, NULL, '2020-07-29 19:41:24', 'N/A', '[]', NULL, 6, 18, 0, '2020-07-29 19:41:24', '2020-07-29 19:41:24'),
(574, 'Caroline', 'O\'Meagher', NULL, '577220465', NULL, NULL, NULL, NULL, '2020-07-29 19:41:24', 'N/A', '[]', NULL, 6, 18, 0, '2020-07-29 19:41:24', '2020-07-29 19:41:24'),
(575, 'Rob', 'Brautigam', NULL, '566903331', NULL, NULL, NULL, NULL, '2020-07-29 19:41:24', 'N/A', '[]', NULL, 6, 18, 0, '2020-07-29 19:41:24', '2020-07-29 19:41:24'),
(576, 'Gabrielle', 'Thomson', NULL, '566508898', NULL, NULL, NULL, NULL, '2020-07-29 19:41:24', 'N/A', '[]', NULL, 6, 18, 0, '2020-07-29 19:41:24', '2020-07-29 19:41:24'),
(577, 'Nicole', 'Cody', NULL, '566128409', NULL, NULL, NULL, NULL, '2020-07-29 19:41:24', 'N/A', '[]', NULL, 6, 18, 0, '2020-07-29 19:41:24', '2020-07-29 19:41:24'),
(578, 'Meagan', 'Caesar', NULL, '564961742', NULL, NULL, NULL, NULL, '2020-07-29 19:41:24', 'N/A', '[]', NULL, 6, 18, 0, '2020-07-29 19:41:24', '2020-07-29 19:41:24'),
(579, 'Siena', 'Milone', NULL, '563906402', NULL, NULL, NULL, NULL, '2020-07-29 19:41:24', 'N/A', '[]', NULL, 6, 18, 0, '2020-07-29 19:41:24', '2020-07-29 19:41:24'),
(580, 'Stefan', 'Jadlowkier', NULL, '563376725', NULL, NULL, NULL, NULL, '2020-07-29 19:41:24', 'N/A', '[]', NULL, 6, 18, 0, '2020-07-29 19:41:24', '2020-07-29 19:41:24'),
(581, 'Annie', 'Cottrell', NULL, '553045328', NULL, NULL, NULL, NULL, '2020-07-29 19:41:24', 'N/A', '[]', NULL, 6, 18, 0, '2020-07-29 19:41:24', '2020-07-29 19:41:24'),
(582, 'Parker', 'Lazeski', NULL, '552286898', NULL, NULL, NULL, NULL, '2020-07-29 19:41:24', 'N/A', '[]', NULL, 6, 18, 0, '2020-07-29 19:41:24', '2020-07-29 19:41:24'),
(583, 'Kayla', 'Goulding', NULL, '550875516', NULL, NULL, NULL, NULL, '2020-07-29 19:41:24', 'N/A', '[]', NULL, 6, 18, 0, '2020-07-29 19:41:24', '2020-07-29 19:41:24'),
(584, 'Tannis', 'K', NULL, '547575337', NULL, NULL, NULL, NULL, '2020-07-29 19:42:04', 'N/A', '[]', NULL, 6, 18, 0, '2020-07-29 19:42:04', '2020-07-29 19:42:04'),
(585, 'Steve', 'Donohue', NULL, '545934620', NULL, NULL, NULL, NULL, '2020-07-29 19:42:04', 'N/A', '[]', NULL, 6, 18, 0, '2020-07-29 19:42:04', '2020-07-29 19:42:04'),
(586, 'Rob', 'Younce', NULL, '545509790', NULL, NULL, NULL, NULL, '2020-07-29 19:42:04', 'N/A', '[]', NULL, 6, 18, 0, '2020-07-29 19:42:04', '2020-07-29 19:42:04'),
(587, 'Nick', 'Nova', NULL, '541765711', NULL, NULL, NULL, NULL, '2020-07-29 19:42:04', 'N/A', '[]', NULL, 6, 18, 0, '2020-07-29 19:42:04', '2020-07-29 19:42:04'),
(588, 'Todd', 'Fox', NULL, '541053455', NULL, NULL, NULL, NULL, '2020-07-29 19:42:04', 'N/A', '[]', NULL, 6, 18, 0, '2020-07-29 19:42:04', '2020-07-29 19:42:04'),
(589, 'Danielle', 'Ingenito', NULL, '539202192', NULL, NULL, NULL, NULL, '2020-07-29 19:42:04', 'N/A', '[]', NULL, 6, 18, 0, '2020-07-29 19:42:04', '2020-07-29 19:42:04'),
(590, 'Claudia', 'Turcotte', NULL, '539200744', NULL, NULL, NULL, NULL, '2020-07-29 19:42:04', 'N/A', '[]', NULL, 6, 18, 0, '2020-07-29 19:42:04', '2020-07-29 19:42:04'),
(591, 'Abdulmajid', 'Adam', NULL, '535707765', NULL, NULL, NULL, NULL, '2020-07-29 19:42:04', 'N/A', '[]', NULL, 6, 18, 0, '2020-07-29 19:42:04', '2020-07-29 19:42:04'),
(592, 'Tiffany', 'Vin', NULL, '533657642', NULL, NULL, NULL, NULL, '2020-07-29 19:42:04', 'N/A', '[]', NULL, 6, 18, 0, '2020-07-29 19:42:04', '2020-07-29 19:42:04'),
(593, 'Kate', 'L.', NULL, '533605528', NULL, NULL, NULL, NULL, '2020-07-29 19:42:04', 'N/A', '[]', NULL, 6, 18, 0, '2020-07-29 19:42:04', '2020-07-29 19:42:04'),
(594, 'Holly', 'Koroheke', NULL, '532788450', NULL, NULL, NULL, NULL, '2020-07-29 19:42:04', 'N/A', '[]', NULL, 6, 18, 0, '2020-07-29 19:42:04', '2020-07-29 19:42:04'),
(595, 'Danielle', 'Jovic', NULL, '532650337', NULL, NULL, NULL, NULL, '2020-07-29 19:42:04', 'N/A', '[]', NULL, 6, 18, 0, '2020-07-29 19:42:04', '2020-07-29 19:42:04'),
(596, 'Tony', 'Tran', NULL, '531281818', NULL, NULL, NULL, NULL, '2020-07-29 19:42:04', 'N/A', '[]', NULL, 6, 18, 0, '2020-07-29 19:42:04', '2020-07-29 19:42:04'),
(597, 'Jimmy', 'Harding', NULL, '530873077', NULL, NULL, NULL, NULL, '2020-07-29 19:42:04', 'N/A', '[]', NULL, 6, 18, 0, '2020-07-29 19:42:04', '2020-07-29 19:42:04'),
(598, 'Diana', 'Lyn', NULL, '530108996', NULL, NULL, NULL, NULL, '2020-07-29 19:42:04', 'N/A', '[]', NULL, 6, 18, 0, '2020-07-29 19:42:04', '2020-07-29 19:42:04'),
(599, 'Crystal', 'Lynn', NULL, '529032252', NULL, NULL, NULL, NULL, '2020-07-29 19:42:04', 'N/A', '[]', NULL, 6, 18, 0, '2020-07-29 19:42:04', '2020-07-29 19:42:04'),
(600, 'Justin', 'Moseley', NULL, '525933022', NULL, NULL, NULL, NULL, '2020-07-29 19:42:04', 'N/A', '[]', NULL, 6, 18, 0, '2020-07-29 19:42:04', '2020-07-29 19:42:04'),
(601, 'Colby', 'Smith', NULL, '523601295', NULL, NULL, NULL, NULL, '2020-07-29 19:42:04', 'N/A', '[]', NULL, 6, 18, 0, '2020-07-29 19:42:04', '2020-07-29 19:42:04'),
(602, 'Beth', 'Koehler', NULL, '523572188', NULL, NULL, NULL, NULL, '2020-07-29 19:42:04', 'N/A', '[]', NULL, 6, 18, 0, '2020-07-29 19:42:04', '2020-07-29 19:42:04'),
(603, 'Ashley', 'Crooks', NULL, '523435396', NULL, NULL, NULL, NULL, '2020-07-29 19:42:04', 'N/A', '[]', NULL, 6, 18, 0, '2020-07-29 19:42:04', '2020-07-29 19:42:04'),
(604, 'Candace', 'Ginn', NULL, '521497697', NULL, NULL, NULL, NULL, '2020-07-29 19:42:04', 'N/A', '[]', NULL, 6, 18, 0, '2020-07-29 19:42:04', '2020-07-29 19:42:04'),
(605, 'Carole', 'Ohm', NULL, '521088148', NULL, NULL, NULL, NULL, '2020-07-29 19:42:04', 'N/A', '[]', NULL, 6, 18, 0, '2020-07-29 19:42:04', '2020-07-29 19:42:04'),
(606, 'Angelique', 'Strang', NULL, '519791889', NULL, NULL, NULL, NULL, '2020-07-29 19:42:04', 'N/A', '[]', NULL, 6, 18, 0, '2020-07-29 19:42:04', '2020-07-29 19:42:04'),
(607, 'Robert', 'Gordon', NULL, '515656520', NULL, NULL, NULL, NULL, '2020-07-29 19:42:04', 'N/A', '[]', NULL, 6, 18, 0, '2020-07-29 19:42:04', '2020-07-29 19:42:04'),
(608, 'Jonathan', 'McLernon', NULL, '513822660', NULL, NULL, NULL, NULL, '2020-07-29 19:42:04', 'N/A', '[]', NULL, 6, 18, 0, '2020-07-29 19:42:04', '2020-07-29 19:42:04'),
(609, 'Jessica', 'Waldron', NULL, '513137062', NULL, NULL, NULL, NULL, '2020-07-29 19:42:04', 'N/A', '[]', NULL, 6, 18, 0, '2020-07-29 19:42:04', '2020-07-29 19:42:04'),
(610, 'Karolyn', 'E', NULL, '512941205', NULL, NULL, NULL, NULL, '2020-07-29 19:42:04', 'N/A', '[]', NULL, 6, 18, 0, '2020-07-29 19:42:04', '2020-07-29 19:42:04'),
(611, 'Michael', 'Zeller', NULL, '511794473', NULL, NULL, NULL, NULL, '2020-07-29 19:42:04', 'N/A', '[]', NULL, 6, 18, 0, '2020-07-29 19:42:04', '2020-07-29 19:42:04'),
(612, 'Justin', 'Poulet', NULL, '507689304', NULL, NULL, NULL, NULL, '2020-07-29 19:42:04', 'N/A', '[]', NULL, 6, 18, 0, '2020-07-29 19:42:04', '2020-07-29 19:42:04'),
(613, 'Nick', 'A.', NULL, '507161922', NULL, NULL, NULL, NULL, '2020-07-29 19:42:04', 'N/A', '[]', NULL, 6, 18, 0, '2020-07-29 19:42:04', '2020-07-29 19:42:04'),
(614, 'Ashley', 'Shepherd', NULL, '506599803', NULL, NULL, NULL, NULL, '2020-07-29 19:42:44', 'N/A', '[]', NULL, 6, 18, 0, '2020-07-29 19:42:44', '2020-07-29 19:42:44'),
(615, 'Brandon', 'Luu', NULL, '502202382', NULL, NULL, NULL, NULL, '2020-07-29 19:42:44', 'N/A', '[]', NULL, 6, 18, 0, '2020-07-29 19:42:44', '2020-07-29 19:42:44'),
(616, 'Kristen', 'C.', NULL, '500895165', NULL, NULL, NULL, NULL, '2020-07-29 19:42:44', 'N/A', '[]', NULL, 6, 18, 0, '2020-07-29 19:42:44', '2020-07-29 19:42:44'),
(617, 'Cory', 'Barnes', NULL, '500558439', NULL, NULL, NULL, NULL, '2020-07-29 19:42:44', 'N/A', '[]', NULL, 6, 18, 0, '2020-07-29 19:42:44', '2020-07-29 19:42:44'),
(618, 'Tom', 'Macdonald', NULL, '331100968', NULL, NULL, NULL, NULL, '2020-07-29 19:42:44', 'N/A', '[]', NULL, 6, 18, 0, '2020-07-29 19:42:44', '2020-07-29 19:42:44'),
(619, 'Amanda', 'Elle', NULL, '219300049', NULL, NULL, NULL, NULL, '2020-07-29 19:42:44', 'N/A', '[]', NULL, 6, 18, 0, '2020-07-29 19:42:44', '2020-07-29 19:42:44'),
(620, 'Juli', 'Colotti', NULL, '70900969', NULL, NULL, NULL, NULL, '2020-07-29 19:42:44', 'N/A', '[]', NULL, 6, 18, 0, '2020-07-29 19:42:44', '2020-07-29 19:42:44'),
(621, 'Terry', 'Foster', NULL, '64704471', NULL, NULL, NULL, NULL, '2020-07-29 19:42:44', 'N/A', '[]', NULL, 6, 18, 0, '2020-07-29 19:42:44', '2020-07-29 19:42:44'),
(622, 'Stephanie', 'Rollins', NULL, '62301976', NULL, NULL, NULL, NULL, '2020-07-29 19:42:44', 'N/A', '[]', NULL, 6, 18, 0, '2020-07-29 19:42:44', '2020-07-29 19:42:44'),
(623, 'Lee', 'Brown', NULL, '56706108', NULL, NULL, NULL, NULL, '2020-07-29 19:42:44', 'N/A', '[]', NULL, 6, 18, 0, '2020-07-29 19:42:44', '2020-07-29 19:42:44'),
(624, 'Erik', 'Leslie', NULL, '42111416', NULL, NULL, NULL, NULL, '2020-07-29 19:42:44', 'N/A', '[]', NULL, 6, 18, 0, '2020-07-29 19:42:44', '2020-07-29 19:42:44'),
(625, 'Maruxa', 'Murphy', NULL, '32902264', NULL, NULL, NULL, NULL, '2020-07-29 19:42:44', 'N/A', '[]', NULL, 6, 18, 0, '2020-07-29 19:42:44', '2020-07-29 19:42:44'),
(626, 'Aaron', 'Wolverton', NULL, '21721121', NULL, NULL, NULL, NULL, '2020-07-29 19:42:44', 'N/A', '[]', NULL, 6, 18, 0, '2020-07-29 19:42:44', '2020-07-29 19:42:44'),
(627, 'Tom', 'Ferry', NULL, '13744019', NULL, NULL, NULL, NULL, '2020-07-29 19:42:44', 'N/A', '[]', NULL, 6, 18, 0, '2020-07-29 19:42:44', '2020-07-29 19:42:44'),
(628, 'Brandon', 'Odom', NULL, '11901215', NULL, NULL, NULL, NULL, '2020-07-29 19:42:44', 'N/A', '[]', NULL, 6, 18, 0, '2020-07-29 19:42:44', '2020-07-29 19:42:44'),
(629, 'Joanna', 'Novelo', NULL, '11707582', NULL, NULL, NULL, NULL, '2020-07-29 19:42:44', 'N/A', '[]', NULL, 6, 18, 0, '2020-07-29 19:42:44', '2020-07-29 19:42:44'),
(630, 'Jake', 'Troutman', NULL, '10020292', NULL, NULL, NULL, NULL, '2020-07-29 19:42:44', 'N/A', '[]', NULL, 6, 18, 0, '2020-07-29 19:42:44', '2020-07-29 19:42:44'),
(631, 'Mike', 'Millner', NULL, '5708563', NULL, NULL, NULL, NULL, '2020-07-29 19:42:44', 'N/A', '[]', NULL, 6, 18, 0, '2020-07-29 19:42:44', '2020-07-29 19:42:44'),
(632, 'Sherri', 'Somers', NULL, '5022473', NULL, NULL, NULL, NULL, '2020-07-29 19:42:44', 'N/A', '[]', NULL, 6, 18, 0, '2020-07-29 19:42:44', '2020-07-29 19:42:44'),
(633, 'Manny', 'Martinez', NULL, '700983', NULL, NULL, NULL, NULL, '2020-07-29 19:42:44', 'N/A', '[]', NULL, 6, 18, 0, '2020-07-29 19:42:44', '2020-07-29 19:42:44'),
(634, 'Javier', 'Paredes', 'david.duncan@eposnow.com', '100003157897200', 'yes', 'david.duncan@eposnow.com', NULL, NULL, '2020-07-29 20:29:09', 'N/A', '[]', 'https://scontent.fyvr1-1.fna.fbcdn.net/v/t1.0-1/cp0/p50x50/106494011_3031211500327417_5534515038455510528_o.jpg?_nc_cat=104&_nc_sid=7206a8&_nc_ohc=gc3RU_1hPt0AX9UYbmr&_nc_ht=scontent.fyvr1-1.fna&oh=5c8575bf96f1adbc169e763352ac661b&oe=5F47690F', 6, 18, 0, '2020-07-29 20:29:09', '2020-07-29 20:29:09'),
(635, 'Dennis', 'Taylor', 'dennisraytaylor@gmail.com', '54101856', 'YES', 'dennisraytaylor@gmail.com', NULL, NULL, '2020-07-30 03:44:27', 'N/A', '[]', 'https://scontent.fyvr1-1.fna.fbcdn.net/v/t1.0-1/cp0/p50x50/116375702_10101482318060062_8893020029450010102_n.jpg?_nc_cat=104&_nc_sid=7206a8&_nc_ohc=g7EttX4lsoIAX8ke8ON&_nc_ht=scontent.fyvr1-1.fna&oh=6ffbf7c1acdb4ecc9a011927b06347f6&oe=5F45E3AF', 6, 18, 0, '2020-07-30 03:44:27', '2020-07-30 03:44:27'),
(636, 'Cass', 'Murray', 'cass@clmcareers.com', '100052192900237', 'Active', 'cass@clmcareers.com', 'Yes', 'Testing note here.', '2020-08-07 01:08:12', 'N/A', '[\"TEST1\",\"TEST2\",\"TEST3\",\"TEST4\",\"TEST5\",\"TEST6\"]', 'https://scontent.fyvr4-1.fna.fbcdn.net/v/t1.0-1/p120x120/115806490_147529443663485_4241563734554193685_o.jpg?_nc_cat=108&_nc_sid=7206a8&_nc_ohc=bWVklVQvMoEAX9mXG3d&_nc_ht=scontent.fyvr4-1.fna&_nc_tp=6&oh=6a3c41fba0e0cf2d6fd4bc6b1a514b5f&oe=5F498E66', 3, 19, 0, '2020-07-31 23:30:14', '2020-08-07 01:08:12'),
(637, 'Gregory', 'P Raymond', 'Graymond21@outlook.com', '1116044539', 'Aspire', 'Graymond21@outlook.com', 'Yes', NULL, '2020-08-01 19:18:18', 'N/A', '[]', 'https://scontent.fyvr4-1.fna.fbcdn.net/v/t1.0-1/p120x120/72657837_10214998676936477_3561180061988028416_o.jpg?_nc_cat=108&_nc_sid=7206a8&_nc_ohc=uCl0sx7ztjwAX_y1Bo6&_nc_oc=AQklGWer3ocQvNFp6k2PphBpw0zaqWVGSV8OvPExmEQceigByCxzJewdvCTHwrYJ-lI&_nc_ht=scontent.fyvr4-1.fna&_nc_tp=6&oh=bf553d495b3801c88dfe081bd674b815&oe=5F4CA301', 3, 19, 0, '2020-08-01 19:18:18', '2020-08-01 19:18:18'),
(638, 'Chantal', 'Williams', NULL, '100003631257616', NULL, NULL, NULL, NULL, '2020-08-01 19:18:30', 'N/A', '[]', 'https://scontent.fyvr4-1.fna.fbcdn.net/v/t1.0-1/p120x120/116420325_2047635722034116_4032921185719223332_n.jpg?_nc_cat=108&_nc_sid=7206a8&_nc_ohc=yRlNikb8l7wAX-W-9Zj&_nc_ht=scontent.fyvr4-1.fna&_nc_tp=6&oh=3e8d8f3453bb1aaba8ff0a725b691f62&oe=5F4BAD38', 3, 19, 0, '2020-08-01 19:18:30', '2020-08-01 19:18:30'),
(639, 'Jenyfer', 'Guzman', NULL, '100051117461569', NULL, NULL, NULL, NULL, '2020-08-01 19:18:41', 'N/A', '[]', 'https://scontent.fyvr4-1.fna.fbcdn.net/v/t1.0-1/p120x120/108004528_149014750145773_4089715804174071938_n.jpg?_nc_cat=107&_nc_sid=7206a8&_nc_ohc=2h3TjjgHr68AX_9OlMu&_nc_ht=scontent.fyvr4-1.fna&_nc_tp=6&oh=4c6d4d1cf9ba108fb9ba0e118a2f96e5&oe=5F4A5004', 3, 19, 0, '2020-08-01 19:18:41', '2020-08-01 19:18:41');

-- --------------------------------------------------------

--
-- Table structure for table `migrations`
--

CREATE TABLE `migrations` (
  `id` int(10) UNSIGNED NOT NULL,
  `migration` varchar(191) COLLATE utf8mb4_unicode_ci NOT NULL,
  `batch` int(11) NOT NULL
) ENGINE=MyISAM DEFAULT CHARSET=utf8mb4 COLLATE=utf8mb4_unicode_ci;

--
-- Dumping data for table `migrations`
--

INSERT INTO `migrations` (`id`, `migration`, `batch`) VALUES
(52, '2014_10_12_000000_create_users_table', 1),
(53, '2014_10_12_100000_create_password_resets_table', 1),
(54, '2016_06_01_000001_create_oauth_auth_codes_table', 1),
(55, '2016_06_01_000002_create_oauth_access_tokens_table', 1),
(56, '2016_06_01_000003_create_oauth_refresh_tokens_table', 1),
(57, '2016_06_01_000004_create_oauth_clients_table', 1),
(58, '2016_06_01_000005_create_oauth_personal_access_clients_table', 1),
(59, '2019_05_03_000001_create_customer_columns', 1),
(60, '2019_05_03_000002_create_subscriptions_table', 1),
(61, '2019_05_03_000003_create_subscription_items_table', 1),
(62, '2019_08_19_000000_create_failed_jobs_table', 1),
(63, '2020_06_15_092740_create_plans_table', 1),
(64, '2020_07_08_105242_create_auto_responder_table', 1),
(65, '2020_07_08_105301_create_facebook_groups_table', 1),
(71, '2020_07_08_105319_create_group_members_table', 2),
(67, '2020_07_08_105417_create_refund_payment_table', 1),
(68, '2020_07_08_105437_create_payments_table', 1);

-- --------------------------------------------------------

--
-- Table structure for table `oauth_access_tokens`
--

CREATE TABLE `oauth_access_tokens` (
  `id` varchar(100) COLLATE utf8mb4_unicode_ci NOT NULL,
  `user_id` bigint(20) UNSIGNED DEFAULT NULL,
  `client_id` bigint(20) UNSIGNED NOT NULL,
  `name` varchar(191) COLLATE utf8mb4_unicode_ci DEFAULT NULL,
  `scopes` text COLLATE utf8mb4_unicode_ci,
  `revoked` tinyint(1) NOT NULL,
  `created_at` timestamp NULL DEFAULT NULL,
  `updated_at` timestamp NULL DEFAULT NULL,
  `expires_at` datetime DEFAULT NULL
) ENGINE=MyISAM DEFAULT CHARSET=utf8mb4 COLLATE=utf8mb4_unicode_ci;

--
-- Dumping data for table `oauth_access_tokens`
--

INSERT INTO `oauth_access_tokens` (`id`, `user_id`, `client_id`, `name`, `scopes`, `revoked`, `created_at`, `updated_at`, `expires_at`) VALUES
('528f05334aec14457339315091446f2edde9c0022d6d619483b08bd90638583ff592140678522e68', 1, 1, 'pradeep@groupkit.com', '[]', 0, '2020-07-08 06:06:29', '2020-07-08 06:06:29', '2021-07-08 11:36:29'),
('944cf6e52a3d29b6ecc7673cc54cd13b0f3611a0ef7a8c772810fc1c3c5b4b9314be3623ce5f7f31', 1, 1, 'pradeep@groupkit.com', '[]', 0, '2020-07-08 23:10:30', '2020-07-08 23:10:30', '2021-07-09 04:40:30'),
('f711ce9f330fe5c0704a9698a4d4d037d394cd7da8c209e9773ca582959816f146fa849e53f4a138', 1, 1, 'pradeep@groupkit.com', '[]', 0, '2020-07-09 23:11:25', '2020-07-09 23:11:25', '2021-07-10 04:41:25'),
('10621a7ee6324b3fd3fe711114609c4f645f3f17feb317f61e7a110058af3cb4944a3e8ff207039b', 1, 1, 'pradeep@groupkit.com', '[]', 0, '2020-07-10 06:04:19', '2020-07-10 06:04:19', '2021-07-10 11:34:19'),
('1b56b4f32241acda378fbb5adc20e3a4df46a0aab1966ba7888002f7caca4f4ed2328caa5ffaa1ce', 1, 1, 'pradeep@groupkit.com', '[]', 0, '2020-07-10 06:05:10', '2020-07-10 06:05:10', '2021-07-10 11:35:10'),
('f382c7cd65368a127afecea8493ff68a8b5228a731416d4fde2444feb0591560bfdbe4b0f4e69fe2', 1, 1, 'pradeep@groupkit.com', '[]', 0, '2020-07-10 06:05:10', '2020-07-10 06:05:10', '2021-07-10 11:35:10'),
('d62c45c7465ec25503479c2a35d92d33cc6937ee9b2f98f2506587661bbeba1285243ac3e398a77f', 1, 1, 'pradeep@groupkit.com', '[]', 0, '2020-07-10 06:21:10', '2020-07-10 06:21:10', '2021-07-10 11:51:10'),
('8202af3d38b06bcd55f06375705ad82f4d426d7f13ef236e2fea8a9e182c732f395f5e8f65a2a9b6', 1, 1, 'pradeep@groupkit.com', '[]', 0, '2020-07-10 06:39:15', '2020-07-10 06:39:15', '2021-07-10 12:09:15'),
('2a54df48eb7fb93431ec46fb101056c8993460f7e10285218675bec1c321f507d6e62fc1ca3d92ca', 1, 1, 'pradeep@groupkit.com', '[]', 0, '2020-07-10 06:39:16', '2020-07-10 06:39:16', '2021-07-10 12:09:16'),
('c993c4dfac52352d6e7ce9132e0bf30c50c230863b5f3505e5cad207d3ce51642dda1faa04478bef', 1, 1, 'pradeep@groupkit.com', '[]', 0, '2020-07-10 06:41:16', '2020-07-10 06:41:16', '2021-07-10 12:11:16'),
('a268475f300ba05b532d2e40aac0b01f6a71c369636e4ca17bf98131abacb1f3d57ba91775ae1fb5', 1, 1, 'pradeep@groupkit.com', '[]', 0, '2020-07-10 06:41:16', '2020-07-10 06:41:16', '2021-07-10 12:11:16'),
('801c050d84686e4a95b66e22fbfa138383a3e92d7de74883a671b0f21826a89dac2d8b56128c5880', 1, 1, 'pradeep@groupkit.com', '[]', 0, '2020-07-10 06:48:32', '2020-07-10 06:48:32', '2021-07-10 12:18:32'),
('ae360d64f6a1dee452756e1708223e2868b653d2b8dcf699df5bf59567cc08a37e659ebddc5b6c69', 1, 1, 'pradeep@groupkit.com', '[]', 0, '2020-07-10 06:48:32', '2020-07-10 06:48:32', '2021-07-10 12:18:32'),
('216a5c0fc4abf2314805c106c573fc64becd4a3bc62fc2bb9c0d1cb1ed0babce7941110eca44e66c', 1, 1, 'pradeep@groupkit.com', '[]', 0, '2020-07-10 06:50:35', '2020-07-10 06:50:35', '2021-07-10 12:20:35'),
('a561225455589d37f8057e7a5eda0f8a3764d9cfbe96fcf702b654bfaea3d9b08795da80c3066bdd', 1, 1, 'pradeep@groupkit.com', '[]', 0, '2020-07-10 06:50:35', '2020-07-10 06:50:35', '2021-07-10 12:20:35'),
('abbbe87ee380c14b93985f019f1264c1db938c3d6116c4805b2c765385456dae92d2e38d28f96176', 1, 1, 'pradeep@groupkit.com', '[]', 0, '2020-07-10 06:54:39', '2020-07-10 06:54:39', '2021-07-10 12:24:39'),
('5afe99cb7101f7c975a6d50388d36b41817e07c1977daefba6bae23084f0e77976dc813cd375cbb7', 1, 1, 'pradeep@groupkit.com', '[]', 0, '2020-07-10 14:23:09', '2020-07-10 14:23:09', '2021-07-10 14:23:09'),
('850c704791754ab5e68c7aa21adfc1ebac2bd2935f2c54fab316d43d38d647b279b59698c5e7fc21', 1, 1, 'pradeep@groupkit.com', '[]', 0, '2020-07-10 15:15:08', '2020-07-10 15:15:08', '2021-07-10 15:15:08'),
('bb0015e5b84924c8b2ea5c20b3274c14a9edbc816732b44a864dcec7bbcea47ab4915703efcf64df', 1, 1, 'pradeep@groupkit.com', '[]', 0, '2020-07-10 15:15:08', '2020-07-10 15:15:08', '2021-07-10 15:15:08'),
('f78e37d17e3bc802429989e0f8c5e58777fbc8f9d62e83ef60d4fddac8fa17a0312c77ceba462930', 1, 1, 'pradeep@groupkit.com', '[]', 0, '2020-07-10 15:23:31', '2020-07-10 15:23:31', '2021-07-10 15:23:31'),
('07531d58d16414661af453f8d8c0411494d17af61aec42e3d3c1e7198eb651e84bba1100f8dd49b2', 1, 1, 'pradeep@groupkit.com', '[]', 0, '2020-07-10 15:24:08', '2020-07-10 15:24:08', '2021-07-10 15:24:08'),
('9eeb4dfe9f3c568c5e8d1ab04cb65de7358f737e5cc68dceb9c9fe2912f7af0a2f2ad34cb2a5a049', 2, 1, 'dev.pradeep891@gmail.com', '[]', 0, '2020-07-13 08:20:56', '2020-07-13 08:20:56', '2021-07-13 08:20:56'),
('36e815c122306459e71255f6248faff69cc7454da472c784e9f3aa93aff93b8d72123411abd6b692', 1, 1, 'pradeep@groupkit.com', '[]', 0, '2020-07-13 08:37:20', '2020-07-13 08:37:20', '2021-07-13 08:37:20'),
('da538ddf597fa6142d9c50ecfad39454256dd1b116534d8705609638214487ec87137e0316431666', 1, 1, 'pradeep@groupkit.com', '[]', 0, '2020-07-13 12:16:51', '2020-07-13 12:16:51', '2021-07-13 12:16:51'),
('df63f73998e2c8ecc5c81bb7176efb1e4090d4a3f5452e3bd9640078ad35c833775f8d127ad30d86', 2, 1, 'dev.pradeep891@gmail.com', '[]', 0, '2020-07-13 12:42:31', '2020-07-13 12:42:31', '2021-07-13 12:42:31'),
('8d7f05d5f475dccc2d44f5d9a25f649ce89c077be1600d4de9d206b1ad8def65ea0262d375cf78d8', 2, 1, 'dev.pradeep891@gmail.com', '[]', 0, '2020-07-13 16:23:32', '2020-07-13 16:23:32', '2021-07-13 16:23:32'),
('e4d00807c2b920f38139aedd0f54abae8ad697a511062f8536d8f38a1584bed01647e5efa864493f', 3, 1, 'jadeneastonellett@gmail.com', '[]', 0, '2020-07-13 22:25:03', '2020-07-13 22:25:03', '2021-07-13 22:25:03'),
('14c659a289613ea2a53fb08cfe1b445037ee7867b1b378758a3dcf1fa6fcdd7862be95a5cc59db65', 1, 1, 'pradeep@groupkit.com', '[]', 0, '2020-07-17 13:01:04', '2020-07-17 13:01:04', '2021-07-17 13:01:04'),
('2b68597f3a950f190c213211656ef0a9d717e1a6dd11f962498ea29c88d8f22f80c53f7124db6515', 1, 1, 'pradeep@groupkit.com', '[]', 0, '2020-07-17 13:42:42', '2020-07-17 13:42:42', '2021-07-17 13:42:42'),
('bd03eb4b3a38f55cf77202df909c1560b88512e722552b26fde4fde074ec824012cb34fd78219afd', 1, 1, 'pradeep@groupkit.com', '[]', 0, '2020-07-17 14:22:22', '2020-07-17 14:22:22', '2021-07-17 14:22:22'),
('f58c2b01f8bad41872b871aafcc756c5ddb62128b986f459ec322143ceaac9b023f40a872da7ca02', 1, 1, 'pradeep@groupkit.com', '[]', 0, '2020-07-17 14:25:02', '2020-07-17 14:25:02', '2021-07-17 14:25:02'),
('453c0f296cb1eb1abe422c32953ad04862c499f71b74d86cbd434ef10f865e41461817efb9cbf358', 2, 1, 'dev.pradeep891@gmail.com', '[]', 0, '2020-07-20 07:11:21', '2020-07-20 07:11:21', '2021-07-20 07:11:21'),
('d0ab4f63359f4a9b480bdcd3537f89eb93688b8c65b67d354f06f12bed38dd018bb5d83b86275c79', 2, 1, 'dev.pradeep891@gmail.com', '[]', 0, '2020-07-20 08:10:11', '2020-07-20 08:10:11', '2021-07-20 08:10:11'),
('a4880a95093e7c5f899039d371659f9be920d40f6016a3c02a152e47d23c9f80103c9a8d80cfb9f4', 2, 1, 'dev.pradeep891@gmail.com', '[]', 0, '2020-07-20 09:50:37', '2020-07-20 09:50:37', '2021-07-20 09:50:37'),
('44066911aa0383d172fa520378c373161ba3b19dfdc8784d320575b076127ff56156d2c983771db0', 1, 1, 'pradeep@groupkit.com', '[]', 0, '2020-07-20 13:47:44', '2020-07-20 13:47:44', '2021-07-20 13:47:44'),
('03b25c252886688b135307ae77b0eb542574cb7564998a357b81cd585175c4e53c71e9082f8eec00', 4, 1, 'jaden@clientsandcommunity.com', '[]', 0, '2020-07-20 16:57:08', '2020-07-20 16:57:08', '2021-07-20 16:57:08'),
('9f1463334baf432354f104f74d3800b5e310e4454225071b7e26a1e4c2e7e4dec24cd605843f1461', 5, 1, 'dusan+groupkit1@groupkit.com', '[]', 0, '2020-07-20 17:28:08', '2020-07-20 17:28:08', '2021-07-20 17:28:08'),
('3c332aa333f21769696749dc0774002af9298bc3dc7e0cdbe404bd913106c376b18ba8b08174b47b', 6, 1, 'isha@groupkit.com', '[]', 0, '2020-07-20 17:34:18', '2020-07-20 17:34:18', '2021-07-20 17:34:18'),
('f6570a58e322e622de9a3a608f8888aafed080708cec7513fade3b3aa1419f02af7bcb15599efc64', 5, 1, 'dusan+groupkit1@groupkit.com', '[]', 0, '2020-07-20 17:34:59', '2020-07-20 17:34:59', '2021-07-20 17:34:59'),
('41421be07c4287fa6007471a010bc54e74556862bb7185abf0b2d0b8164c1cc501d70e2614b3f357', 6, 1, 'isha@groupkit.com', '[]', 0, '2020-07-20 18:25:57', '2020-07-20 18:25:57', '2021-07-20 18:25:57'),
('f7201e4926f65d7fa785bde4bde138d1206a3f85907568531e3f117702dd6edb76fa4ab998d39be2', 7, 1, 'jnjnjnjnj@gmaik', '[]', 0, '2020-07-20 18:28:50', '2020-07-20 18:28:50', '2021-07-20 18:28:50'),
('f456baf273af97c73525790896d2ce3089837328a33b9ddd11c4219c821c8962ee1166aed04d648a', 6, 1, 'isha@groupkit.com', '[]', 0, '2020-07-20 19:03:18', '2020-07-20 19:03:18', '2021-07-20 19:03:18'),
('6dd6c85b92b670fd4100d40d2cf0670aa86d5288128b34a5dbce4416d2da99fe8653169bdba06f7a', 6, 1, 'isha@groupkit.com', '[]', 0, '2020-07-21 02:17:12', '2020-07-21 02:17:12', '2021-07-21 02:17:12'),
('2117bf0f2967b9a8e28f534205c0e4c376bc15affbc10a45794f493d4def60a0ffc335983c4cb842', 6, 1, 'isha@groupkit.com', '[]', 0, '2020-07-21 17:30:47', '2020-07-21 17:30:47', '2021-07-21 17:30:47'),
('acd98308ff7bff37dfe7f57e1a01d125a8b7cefb7bd203151d12189903c41369f40f25e54ae51b21', 2, 1, 'dev.pradeep891@gmail.com', '[]', 0, '2020-07-22 11:12:44', '2020-07-22 11:12:44', '2021-07-22 11:12:44'),
('18eb4fc7207f59b00b25fdabd6f7591177717e3aa73ce932786db4e159fcbb352e3756926d3d8715', 1, 1, 'pradeep@groupkit.com', '[]', 0, '2020-07-24 14:12:28', '2020-07-24 14:12:28', '2021-07-24 14:12:28'),
('795941c0779b8fa9a46662bc3fc9e5e96afcbc9b93d3234ce77e9d344f2223675eefaade24353dd9', 3, 1, 'jadeneastonellett@gmail.com', '[]', 0, '2020-07-24 16:46:41', '2020-07-24 16:46:41', '2021-07-24 16:46:41'),
('613a444a5ee3efcf61e57501e505fb7b8bee3833e85faa0beb8a27d19266ac091a4deca60d13ba1d', 3, 1, 'jadeneastonellett@gmail.com', '[]', 0, '2020-07-24 16:46:41', '2020-07-24 16:46:41', '2021-07-24 16:46:41'),
('f0a255a8d0ab11b0f42588e053f69b065a21589cd4bb2796ae5a5472a638efa79bcc726d7b41cfae', 8, 1, 'hi@jadeneaston.com', '[]', 0, '2020-07-24 22:00:39', '2020-07-24 22:00:39', '2021-07-24 22:00:39'),
('756c33c323202173aaf2ee0a347a9814b1e3013e694398c87522070d80d2c7f4251ef4d92197c9b0', 6, 1, 'isha@groupkit.com', '[]', 0, '2020-07-25 07:06:29', '2020-07-25 07:06:29', '2021-07-25 07:06:29'),
('d369151a586030b88755c647281a09bf18775f86131fcea4b25dbddb9c6a4d50fddaab0faf34b1f9', 6, 1, 'isha@groupkit.com', '[]', 0, '2020-07-25 07:06:29', '2020-07-25 07:06:29', '2021-07-25 07:06:29'),
('3f7f2bfb6b0ad28de8b96129b858b6c1376b282f1135919ef07da6fa9730db773f9bd82b1377cabd', 6, 1, 'isha@groupkit.com', '[]', 0, '2020-07-25 20:17:27', '2020-07-25 20:17:27', '2021-07-25 20:17:27'),
('118005bc0a81486900445c9d7bd9e59483f562ab41cad4dabee580e89893a189490c54539084f54b', 9, 1, 'isha@test.com', '[]', 0, '2020-07-27 02:32:22', '2020-07-27 02:32:22', '2021-07-27 02:32:22'),
('d55f970ccf233ac126856966483799b29e6a5c89e47de2966633975511d8d437a91c436bdd8806ca', 6, 1, 'isha@groupkit.com', '[]', 0, '2020-07-27 06:16:11', '2020-07-27 06:16:11', '2021-07-27 06:16:11'),
('2a47a786270674c6a0bbd815062c748ab0d577fff153d44f53117c382e30da82430fbc2016612495', 6, 1, 'isha@groupkit.com', '[]', 0, '2020-07-27 06:16:11', '2020-07-27 06:16:11', '2021-07-27 06:16:11'),
('47996a6637d769ff37e07ac48321b05ca825ce3df04adaebcfb5c6c099fb1b0ac265c06234b6ba6c', 10, 1, 'isha@test1.com', '[]', 0, '2020-07-27 06:22:27', '2020-07-27 06:22:27', '2021-07-27 06:22:27'),
('f21aaee21df4acea145eb13ba1f4aef2e74b5df4f4fc7bf6051db6bf7e634055899511a5c16637ad', 11, 1, 'test@test.com', '[]', 0, '2020-07-27 06:38:59', '2020-07-27 06:38:59', '2021-07-27 06:38:59'),
('eb899901e1d94c2c48fc9e7216da93ab5095277fe66e48240f5b875a210fcd574c69d232723abab3', 1, 1, 'pradeep@groupkit.com', '[]', 0, '2020-07-27 11:10:41', '2020-07-27 11:10:41', '2021-07-27 11:10:41'),
('5219f829d6e352484d42c20fded438c0a2ccef587197ca946b1520b27cfc84e35ebf1850e9b135bf', 12, 1, 'jared@clientsandcommunity.com', '[]', 0, '2020-07-27 13:25:45', '2020-07-27 13:25:45', '2021-07-27 13:25:45'),
('1230b9011c54a25152587d3e4c003065320a6eebdb5dd98fc4ccd027725387e4703d33e1265f8b39', 1, 1, 'pradeep@groupkit.com', '[]', 0, '2020-07-27 13:38:46', '2020-07-27 13:38:46', '2021-07-27 13:38:46'),
('7f82b244e92d5bb6e7b9816431d7194bcde9a7c0f9e80187d58b826c512a7025b7ca673d7ec543b7', 1, 1, 'pradeep@groupkit.com', '[]', 0, '2020-07-27 13:43:15', '2020-07-27 13:43:15', '2021-07-27 13:43:15'),
('085dd2047aec6c393b49a492243acc6b74f79750e999de2694984711b929aa8092f6153f40e6d09f', 1, 1, 'pradeep@groupkit.com', '[]', 0, '2020-07-27 14:31:52', '2020-07-27 14:31:52', '2021-07-27 14:31:52'),
('dbf5b2d9d66f3f33f49322f5e5b57a4a31c17a5fe275216c3c09ca70546730946718318bdc3e5b7e', 2, 1, 'dev.pradeep891@gmail.com', '[]', 0, '2020-07-27 14:41:50', '2020-07-27 14:41:50', '2021-07-27 14:41:50'),
('12c52dba99bcaefe6f46fae8fcd9c3d8aaa61f32ea4b23fa4d9c11e10f2840a4aaf07927db51b463', 2, 1, 'dev.pradeep891@gmail.com', '[]', 0, '2020-07-27 14:47:05', '2020-07-27 14:47:05', '2021-07-27 14:47:05'),
('e971f8f1fe13146a7ae12b28938d1f9e561f82b421651ac1425e696695761dfa88d02bc31e9b857c', 2, 1, 'dev.pradeep891@gmail.com', '[]', 0, '2020-07-27 16:40:57', '2020-07-27 16:40:57', '2021-07-27 16:40:57'),
('e7bb5562a5c3e9d677f040ffe8fdb6e2ab0b64ad4e54c64e3c368570435289f19f8f603d0be18041', 6, 1, 'isha@groupkit.com', '[]', 0, '2020-07-27 17:56:41', '2020-07-27 17:56:41', '2021-07-27 17:56:41'),
('e4221bd3e12d17863596494697598ebdf6fb0c6d047e99283d96c89f429179626915c8f5abe01300', 6, 1, 'isha@groupkit.com', '[]', 0, '2020-07-27 17:56:41', '2020-07-27 17:56:41', '2021-07-27 17:56:41'),
('d0a4be3aee641af94c02653732351b59e36c6bdf71c505a3a33028a6a084d42569014a5458f6d21e', 13, 1, 'isha@test', '[]', 0, '2020-07-27 17:57:34', '2020-07-27 17:57:34', '2021-07-27 17:57:34'),
('7bf9f9b76127e33ccc98dcebae2e49803200bac364ed30d1bb0972891b7d93183c7f2e9235deb571', 14, 1, 'test@test2.com', '[]', 0, '2020-07-27 18:05:43', '2020-07-27 18:05:43', '2021-07-27 18:05:43'),
('cb173fcde737ec9cf22b391e5abe9e09d19d78cdc883e666aea5b6cc3b41e097a761d23e88933222', 15, 1, 'test@gk.com', '[]', 0, '2020-07-27 18:40:49', '2020-07-27 18:40:49', '2021-07-27 18:40:49'),
('36a0181d276c0101eae2a8e35735233af8697f2e3b0cc1758de1e9d8a70975fbafd7116281a77fb3', 5, 1, 'dusan+groupkit1@groupkit.com', '[]', 0, '2020-07-27 19:23:46', '2020-07-27 19:23:46', '2021-07-27 19:23:46'),
('a1e358430ef1c1061908926d784b2c0871deee5b93c85f5d3b17bb5adfea5866711ac93cac95a7ca', 3, 1, 'jadeneastonellett@gmail.com', '[]', 0, '2020-07-27 22:48:51', '2020-07-27 22:48:51', '2021-07-27 22:48:51'),
('57268a7f027ae8afc9ac1385f175712e365313253462402721ff618de71e6fb09e2339469d7a2cff', 3, 1, 'jadeneastonellett@gmail.com', '[]', 0, '2020-07-27 22:57:57', '2020-07-27 22:57:57', '2021-07-27 22:57:57'),
('8d954b07043bf3ff366d8017322ea1539a40af408b5a77eee3ce50d70c5154079282636551ebd9a8', 16, 1, 'isha@isha.com', '[]', 0, '2020-07-28 04:29:31', '2020-07-28 04:29:31', '2021-07-28 04:29:31'),
('045f6b2bf8de3cda40b214e9ffbcfc1a72d317efe42fad341cdf0af2779ada8c4de01aee72271ffa', 2, 1, 'dev.pradeep891@gmail.com', '[]', 0, '2020-07-28 06:14:41', '2020-07-28 06:14:41', '2021-07-28 06:14:41'),
('173afffd78d832ffd52f72713a6447ee7da9e5ef07cb34ed55bee23beb78ea115132599397903eb3', 1, 1, 'pradeep@groupkit.com', '[]', 0, '2020-07-28 06:34:41', '2020-07-28 06:34:41', '2021-07-28 06:34:41'),
('b234ac926b309c5b010c0dd7a8abcfe6f898a393e2567ebebc6fbb5aada8f0dc203fa12b70e9b0f7', 1, 1, 'pradeep@groupkit.com', '[]', 0, '2020-07-28 06:43:35', '2020-07-28 06:43:35', '2021-07-28 06:43:35'),
('c08a8fc41f28b6b9868b733b0a141c6ee5b4390fd71e6c7170352545cdf4adfccd0a8def580e27e6', 2, 1, 'dev.pradeep891@gmail.com', '[]', 0, '2020-07-28 07:22:36', '2020-07-28 07:22:36', '2021-07-28 07:22:36'),
('1d572be266d4879be6cf61f31084d17cdf75c5c073cd26bb0f5eb359f3c811c60bb579a837e19005', 1, 1, 'pradeep@groupkit.com', '[]', 0, '2020-07-28 13:47:54', '2020-07-28 13:47:54', '2021-07-28 13:47:54'),
('0db2648ebcb0667a1dbfaa47c14add146bbaf010b55245aed792a611bbff50f3831e7b07408cdf00', 17, 1, 'admin@groupkit.com', '[]', 0, '2020-07-28 13:49:46', '2020-07-28 13:49:46', '2021-07-28 13:49:46'),
('7db3089a0efc2efbc09194c0a7d5a92825b0b4117b094c55a505738cc11b3655c64a5638ab112c4c', 1, 1, 'pradeep@groupkit.com', '[]', 0, '2020-07-28 13:57:22', '2020-07-28 13:57:22', '2021-07-28 13:57:22'),
('73ff3728407dd2b00d61b0f108c3902aa78b1e1d80088d9af0b355afd6b295570dce841a8e8adc6c', 1, 1, 'pradeep@groupkit.com', '[]', 0, '2020-07-28 13:58:50', '2020-07-28 13:58:50', '2021-07-28 13:58:50'),
('691f90fc9c2e81a594eb67f7cb8b48db0a80ebdf5ab06fdc35afbfd5e0848b287b7a291e085746ac', 1, 1, 'pradeep@groupkit.com', '[]', 0, '2020-07-28 13:58:51', '2020-07-28 13:58:51', '2021-07-28 13:58:51'),
('ce681519bec4d2cb86fddc34e5b63f850ce206db45108982c8d25a2946688e94ea3fc0ecba0e5f77', 6, 1, 'isha@groupkit.com', '[]', 0, '2020-07-28 20:37:49', '2020-07-28 20:37:49', '2021-07-28 20:37:49'),
('3ecb7a6c354d07732f65032191a5ed3a1278b53b975bced1bf3dbccbc0ec707769a827170ba2013b', 6, 1, 'isha@groupkit.com', '[]', 0, '2020-07-28 20:37:49', '2020-07-28 20:37:49', '2021-07-28 20:37:49'),
('47d14dc08cd944ca2d26990be0c54408084790821b935d3d071058310c689992cf73091c0e74be12', 6, 1, 'isha@groupkit.com', '[]', 0, '2020-07-28 20:39:43', '2020-07-28 20:39:43', '2021-07-28 20:39:43'),
('dfd756f7c0b9324b90a79dda636e8a2e2cd40e2ffee5e2421d97126ce4365bb30f371affc9e51093', 6, 1, 'isha@groupkit.com', '[]', 0, '2020-07-28 20:39:44', '2020-07-28 20:39:44', '2021-07-28 20:39:44'),
('8ad400b3d8397e3b64e1937ad1673bf6f02b0a726506aa046025fca3e82f1424b4620011d7117811', 6, 1, 'isha@groupkit.com', '[]', 0, '2020-07-28 20:40:38', '2020-07-28 20:40:38', '2021-07-28 20:40:38'),
('790b5ee274a0e3baf8df3d1f8fd4a2176f9dd6be132d8a00cf4c9123b04b890296b443987d725021', 6, 1, 'isha@groupkit.com', '[]', 0, '2020-07-28 20:40:38', '2020-07-28 20:40:38', '2021-07-28 20:40:38'),
('dca95bdd3a2ac919d17ac27619a52d73c4fbb7e0fbb5f6e42048b88744898a104272ac73bcac7170', 6, 1, 'isha@groupkit.com', '[]', 0, '2020-07-29 04:01:41', '2020-07-29 04:01:41', '2021-07-29 04:01:41'),
('58a55fe2e46e3f89020bcb2db7d21853708b8686d2a56f890e3531a763900e49586e880036f94372', 6, 1, 'isha@groupkit.com', '[]', 0, '2020-07-29 04:01:41', '2020-07-29 04:01:41', '2021-07-29 04:01:41'),
('961f43d9863831def5067c2cc6423a4368931fd59e6af828882bb159e5dfdf58dbd11a73a841b684', 2, 1, 'dev.pradeep891@gmail.com', '[]', 0, '2020-07-29 14:11:08', '2020-07-29 14:11:08', '2021-07-29 14:11:08'),
('0e4830af43918b6bd05f3a342a69897d8dcf64e364f91628ce1cf8d3afea43f912ab6135959feef6', 2, 1, 'dev.pradeep891@gmail.com', '[]', 0, '2020-07-29 14:11:10', '2020-07-29 14:11:10', '2021-07-29 14:11:10'),
('0857ca2ed9b8523b273d8e95b53606720dc68b00d4c89cdce0d52792a5174ccd984a3c518abd9ae4', 6, 1, 'isha@groupkit.com', '[]', 0, '2020-07-29 19:15:44', '2020-07-29 19:15:44', '2021-07-29 19:15:44'),
('bf0b99f6fb83d99241c2948dae2ff45e22392b19c846602b0a9e7a106f8f26a1457e0d9f0b7ebedd', 6, 1, 'isha@groupkit.com', '[]', 0, '2020-07-29 19:15:44', '2020-07-29 19:15:44', '2021-07-29 19:15:44'),
('1ea498bec6a2d69043b668cd88000821ffcb2be08be11d138c139baff0956edeeb87dfa3b41404c4', 18, 1, 'isha@testt', '[]', 0, '2020-07-30 03:24:59', '2020-07-30 03:24:59', '2021-07-30 03:24:59'),
('c3bf8304bacd044b65af0e29d9d9dda2b29a111376080e1ca95ec111ed4a98d83cca705705b583b1', 6, 1, 'isha@groupkit.com', '[]', 0, '2020-07-30 03:25:23', '2020-07-30 03:25:23', '2021-07-30 03:25:23'),
('3f3b0ead9ff4e8aae58b2d6d3f82283a2cc83ca7746d10e2f80be3364f388498892a5e178583770f', 17, 1, 'admin@groupkit.com', '[]', 0, '2020-07-30 06:16:36', '2020-07-30 06:16:36', '2021-07-30 06:16:36'),
('e47878f1ce5684a15bb496067d74a1d537f0845843d7c0abd2aa507df712fa0ded5b32d63ab64e3e', 17, 1, 'admin@groupkit.com', '[]', 0, '2020-07-30 12:33:33', '2020-07-30 12:33:33', '2021-07-30 12:33:33'),
('7377024a0333c70f53e4e6084eae6e1970d92c02e3cd166157d89fe835a2dfcde43f43217831945b', 1, 1, 'pradeep@groupkit.com', '[]', 0, '2020-07-30 13:00:25', '2020-07-30 13:00:25', '2021-07-30 13:00:25'),
('f0e8fdfb8cc6e4955a22ba0d02ff14f791258e9912eb71f5158ed728b845f7ba197fa34eb82d39f0', 17, 1, 'admin@groupkit.com', '[]', 0, '2020-07-30 13:08:25', '2020-07-30 13:08:25', '2021-07-30 13:08:25'),
('163e302847222fef8e4131c3ade01e679ffce19fff10fbdbf449991b020df8c3d9a8cc995502cc09', 17, 1, 'admin@groupkit.com', '[]', 0, '2020-07-30 13:22:24', '2020-07-30 13:22:24', '2021-07-30 13:22:24'),
('4e68fcb610e54cd6d59819dbdd0ea43c783221d8b9b32b9e8be6a7e80252a7aad344c91cb7b438ff', 6, 1, 'isha@groupkit.com', '[]', 0, '2020-07-30 17:45:08', '2020-07-30 17:45:08', '2021-07-30 17:45:08'),
('c506bd186f8871f99492018ed21bdfb1970be617bd57c48527522e6462337303ba0fc01f9af926b8', 6, 1, 'isha@groupkit.com', '[]', 0, '2020-07-30 18:31:39', '2020-07-30 18:31:39', '2021-07-30 18:31:39'),
('b1d64be0ed281beec3cac327bddbaaa9290e045b1aebe5fb0079ba2d5fa19d725d64ecc504e235f5', 6, 1, 'isha@groupkit.com', '[]', 0, '2020-07-30 18:31:40', '2020-07-30 18:31:40', '2021-07-30 18:31:40'),
('ce39a40387f17ea23cd54b697cc5e040e1eb275c654a00dabf6fda45a5ba63e9e5f5eb192638cc64', 6, 1, 'isha@groupkit.com', '[]', 0, '2020-07-30 18:32:38', '2020-07-30 18:32:38', '2021-07-30 18:32:38'),
('c53a2c2cdd926f2e6517dc7693ba6667fb41085af30c82e7631e413b288d977b85b2d59c72420896', 6, 1, 'isha@groupkit.com', '[]', 0, '2020-07-30 18:36:50', '2020-07-30 18:36:50', '2021-07-30 18:36:50'),
('883a5c5a62b4b28803028a534f6e09dea02515b07cb445711b49bfe8a8ea8b735c37bfb9cc7365b4', 17, 1, 'admin@groupkit.com', '[]', 0, '2020-07-31 04:44:44', '2020-07-31 04:44:44', '2021-07-31 04:44:44'),
('04f7ffbc86114d9a3ccb2a7a767b320b0942beae72a1142bbb12577a21da522eda19b666cec34a53', 2, 1, 'dev.pradeep891@gmail.com', '[]', 0, '2020-07-31 12:32:15', '2020-07-31 12:32:15', '2021-07-31 12:32:15'),
('fb87096bfcf3994241845465ac830463372dfd7b11064f1d48718c0ef8d7917696e4a377d2548193', 17, 1, 'admin@groupkit.com', '[]', 0, '2020-07-31 13:56:04', '2020-07-31 13:56:04', '2021-07-31 13:56:04'),
('55eb78a5149c76914d10e2dcbc10d127016b69a26b7503e6639239353635132137a4a2a94f5ee46d', 1, 1, 'pradeep@groupkit.com', '[]', 0, '2020-07-31 14:00:50', '2020-07-31 14:00:50', '2021-07-31 14:00:50'),
('74fa16937c30f359ea8605b57c6c9b3ca1f73eb279ef851d3a8bdcdfdfde24b478bc8696d68e660e', 3, 1, 'jadeneastonellett@gmail.com', '[]', 0, '2020-07-31 16:26:05', '2020-07-31 16:26:05', '2021-07-31 16:26:05'),
('1a9699933c9ea66e1a06826510c8ac10f16fa9bba38aab96a55e79d9890ebfc70ec4eaefdbad2683', 3, 1, 'jadeneastonellett@gmail.com', '[]', 0, '2020-07-31 16:26:05', '2020-07-31 16:26:05', '2021-07-31 16:26:05'),
('6d573a3636494498d943c71f0fa3b2f33d4926c3f137f254caee46d90d19fbf43ab45a19ded39e37', 6, 1, 'isha@groupkit.com', '[]', 0, '2020-07-31 18:07:29', '2020-07-31 18:07:29', '2021-07-31 18:07:29'),
('afd3c0cd1a0efa654a9f1eb591f849d4a22dbf1c24fa8954952469a0d87a18f88a925e241b229e38', 6, 1, 'isha@groupkit.com', '[]', 0, '2020-07-31 18:18:01', '2020-07-31 18:18:01', '2021-07-31 18:18:01'),
('83a8fc4061cf53ec64c16d935b8f9cba3abf5a5c12bc93f1d907ec485cbd9df22327896426d8c5b2', 6, 1, 'isha@groupkit.com', '[]', 0, '2020-07-31 18:18:01', '2020-07-31 18:18:01', '2021-07-31 18:18:01'),
('4e03d5a60a601bc1def6fee57c5d5de390e2ea01b39d070881cc9dc0158b6d7039b91745c773f283', 19, 1, 'isha@isha1.com', '[]', 0, '2020-07-31 18:33:28', '2020-07-31 18:33:28', '2021-07-31 18:33:28'),
('03f82999cc9c0b1b0886ed3960e38ba942b7bf3809ea45d4d8d9c32c1dae027185c809297c353de3', 6, 1, 'isha@groupkit.com', '[]', 0, '2020-07-31 18:41:28', '2020-07-31 18:41:28', '2021-07-31 18:41:28'),
('44febdafc013de3981a51975a0560a80a4132680c008e1259059cc2b42577cf4f4e980adc513b88b', 3, 1, 'jadeneastonellett@gmail.com', '[]', 0, '2020-07-31 23:13:11', '2020-07-31 23:13:11', '2021-07-31 23:13:11'),
('f13e7fd306087edabf1a045e1a0a387dcca9632dd01a913f06335e788b8e2e7fb80b341814324b3f', 3, 1, 'jadeneastonellett@gmail.com', '[]', 0, '2020-07-31 23:13:11', '2020-07-31 23:13:11', '2021-07-31 23:13:11'),
('49e64177322e4313b31dc6412d0c2d8cb8588c385c5fe30f6e9a0e68aaba7c79cd49fe889fcd2915', 6, 1, 'isha@groupkit.com', '[]', 0, '2020-08-01 01:44:51', '2020-08-01 01:44:51', '2021-08-01 01:44:51'),
('638b5f76b9c1109fe896963756d913e7c7a14044e7043426ffbf979d62658ee8ab2f0b0ac9018a02', 6, 1, 'isha@groupkit.com', '[]', 0, '2020-08-01 01:44:51', '2020-08-01 01:44:51', '2021-08-01 01:44:51'),
('87a63000943f51152b96d7c3abf019ec2b007465846c883857e74571af5a5362256b4005a92efca1', 3, 1, 'jadeneastonellett@gmail.com', '[]', 0, '2020-08-01 19:10:40', '2020-08-01 19:10:40', '2021-08-01 19:10:40'),
('7207314b43fac63e0e9643e14a46d221a3380813e3cfe2971dcc67d6cc9b1d13fa754fa4ecc08e06', 3, 1, 'jadeneastonellett@gmail.com', '[]', 0, '2020-08-03 16:33:19', '2020-08-03 16:33:19', '2021-08-03 16:33:19'),
('68d57c1f9edf60e70713313fa22190a23a803932b2a3fc1028f9f50e17b6abf91c088bf371eefd75', 2, 1, 'dev.pradeep891@gmail.com', '[]', 0, '2020-08-03 16:37:35', '2020-08-03 16:37:35', '2021-08-03 16:37:35'),
('583b8114a97e38bce268f7f78a780c20342600d624220475186d83e98d1ceea95937a1934abf1c0c', 6, 1, 'isha@groupkit.com', '[]', 0, '2020-08-03 16:37:40', '2020-08-03 16:37:40', '2021-08-03 16:37:40'),
('1ff7eb538e1237a43182d8fe347173f1695ada5ad9303ef542f8d1e500a7e459831c15a97a27addc', 17, 1, 'admin@groupkit.com', '[]', 0, '2020-08-03 17:02:52', '2020-08-03 17:02:52', '2021-08-03 17:02:52'),
('9edc2da6598664fe8de91f29bc36130b9c6b179dcf241f5ca16253fbba0ba3f3838a61a3565ec301', 5, 1, 'dusan+groupkit1@groupkit.com', '[]', 0, '2020-08-04 20:30:32', '2020-08-04 20:30:32', '2021-08-04 20:30:32'),
('f6cb60445254987790f3476d84b3b94b238822bd9af4d752de53c6c514b08542b4695e7ec4a48697', 1, 1, 'pradeep@groupkit.com', '[]', 0, '2020-08-05 15:12:31', '2020-08-05 15:12:31', '2021-08-05 15:12:31'),
('c9888975599e7b9295629ccb4429f08ad8280d1c3155b082dc5f8ad555b1be1baa2002b9c55fb778', 17, 1, 'admin@groupkit.com', '[]', 0, '2020-08-05 15:16:41', '2020-08-05 15:16:41', '2021-08-05 15:16:41'),
('2bb1612a6eda3c96313a81726403ce7c77c6c70be5903749d58d4a79f5bd33af75016ee7b7b5b49d', 20, 1, 'dev.pradeep.891@gmail.com', '[]', 0, '2020-08-05 18:02:47', '2020-08-05 18:02:47', '2021-08-05 18:02:47'),
('569fee9c681b743a883c917d2d1da65230ba09b8e8a4d080eb14d4d4dab28df17974fd31295d1d44', 2, 1, 'dev.pradeep891@gmail.com', '[]', 0, '2020-08-05 18:09:41', '2020-08-05 18:09:41', '2021-08-05 18:09:41'),
('195392010d364dc85228b90c110dd6a4a2d773d695a5940bcd0b924e6bc32aab6a6318cb613d191a', 2, 1, 'dev.pradeep891@gmail.com', '[]', 0, '2020-08-05 18:14:49', '2020-08-05 18:14:49', '2021-08-05 18:14:49'),
('c4555dc4f4cd9a99d3be5cf859271a63e1cee61fe3b91c0c0bd110eefcd5ab40f18c0d0ab9b41b1b', 1, 1, 'pradeep@groupkit.com', '[]', 0, '2020-08-06 05:06:28', '2020-08-06 05:06:28', '2021-08-06 05:06:28'),
('7df5c61ce28761ace71984ee794cd25d2aa30198542d037a242ccdbfd56ee7210e1fb216e689b046', 21, 1, 'ajay.qodic@gmail.com', '[]', 0, '2020-08-06 06:37:11', '2020-08-06 06:37:11', '2021-08-06 06:37:11'),
('96ef89b62eda99506d2be767eef6d896ef19b297baec349fefdde19b5f49709ab2fe299eb2d27545', 22, 1, 'ajay.qodic@gmail.com', '[]', 0, '2020-08-06 08:25:42', '2020-08-06 08:25:42', '2021-08-06 08:25:42'),
('c3dac4a5afa480dff5b7d97e0f321ad21ae2945e530d4c4ddeb4cd87bfd3ff900927c01a732fa0c0', 2, 1, 'dev.pradeep891@gmail.com', '[]', 0, '2020-08-06 12:45:43', '2020-08-06 12:45:43', '2021-08-06 12:45:43'),
('b91fc05dbfacdd394882a2bd4b4f9996160071431ecf954ff3c858dd4152736b54bebc8e302e9e92', 3, 1, 'jadeneastonellett@gmail.com', '[]', 0, '2020-08-07 00:54:31', '2020-08-07 00:54:31', '2021-08-07 00:54:31'),
('ca415dc8c1291b1e4633d2286abdf13b4529148c25c791c20edc305bf86081e65c38dcb3f2700828', 3, 1, 'jadeneastonellett@gmail.com', '[]', 0, '2020-08-07 00:54:32', '2020-08-07 00:54:32', '2021-08-07 00:54:32'),
('4e9ca2f972c698b0fa07ce89506401cf13fd0dde8c95e04a3589e38b06f0c988b61f60d4dff2b3f8', 1, 1, 'pradeep@groupkit.com', '[]', 0, '2020-08-07 14:10:37', '2020-08-07 14:10:37', '2021-08-07 14:10:37'),
('23daa974a147b1a93c58502ad7431ce598241ace4d5fe076500e08fb47ec64a68943a12a3ea3fd82', 1, 1, 'pradeep@groupkit.com', '[]', 0, '2020-08-07 14:10:38', '2020-08-07 14:10:38', '2021-08-07 14:10:38'),
('7aa4d3f90ce6582632ffc891751e695dd3a2f3820b7b338d1280d71ed33e5cd826f164d79173252e', 2, 1, 'dev.pradeep891@gmail.com', '[]', 0, '2020-08-07 14:56:51', '2020-08-07 14:56:51', '2021-08-07 14:56:51'),
('aa950a3476e3689c92f93794baaaea68350027d0a04cdf0e472b1b42696eff6e9e4a738b6dda932b', 2, 1, 'dev.pradeep891@gmail.com', '[]', 0, '2020-08-07 14:56:52', '2020-08-07 14:56:52', '2021-08-07 14:56:52'),
('9f732b6068aa49a5f7a67d9f82d853bd55e78f65c48ac2be62f1a0c76ab4adfefde12ae2a537d6cf', 3, 1, 'jadeneastonellett@gmail.com', '[]', 0, '2020-08-08 17:04:49', '2020-08-08 17:04:49', '2021-08-08 17:04:49'),
('7fabefcc9c4948dfcd3845e5a8f420f2d48b3803be0c183a3ec4fcdeeeda4a217dff2ace0b14b0db', 3, 1, 'jadeneastonellett@gmail.com', '[]', 0, '2020-08-08 17:04:49', '2020-08-08 17:04:49', '2021-08-08 17:04:49'),
('b5ce76ebe6802d9ea31420bb04a1a9644b6e5246d208e203e2dbb43b01d70d493628b68ae7c2a774', 1, 1, 'pradeep@groupkit.com', '[]', 0, '2020-08-10 10:38:41', '2020-08-10 10:38:41', '2021-08-10 10:38:41'),
('f54ef751e0a83d404bfd4130d4532781fdc5ee75c3b16c6034eb57f46cd5eef28ff4a180167a3d39', 17, 1, 'admin@groupkit.com', '[]', 0, '2020-08-10 11:07:45', '2020-08-10 11:07:45', '2021-08-10 11:07:45'),
('c3f3ce3765802b03194d8d07e30108b55de4db0fea9acbadafc3595a87492dfd8e812af64d2102fe', 2, 1, 'dev.pradeep891@gmail.com', '[]', 0, '2020-08-10 11:08:32', '2020-08-10 11:08:32', '2021-08-10 11:08:32'),
('5be4da66892c6c6e10971ef8de35d1fbc447512444202c6aa123352be76ca8a55afef6012afdebf5', 2, 1, 'dev.pradeep891@gmail.com', '[]', 0, '2020-08-10 11:19:22', '2020-08-10 11:19:22', '2021-08-10 11:19:22'),
('a11be7fa9f2d28261e62b4cb16c4ee4dbd4cd9933099b17d7f85be54213066298b496364efb4242a', 1, 1, 'pradeep@groupkit.com', '[]', 0, '2020-08-10 11:29:04', '2020-08-10 11:29:04', '2021-08-10 11:29:04'),
('3370a5dfcca12dc3547a8161ecc06b962335f4efef6e24fbbe7ac7ec056ffe19a2477373782458a6', 1, 1, 'pradeep@groupkit.com', '[]', 0, '2020-08-10 12:59:12', '2020-08-10 12:59:12', '2021-08-10 12:59:12'),
('5612a2320850e0d813e4dddbc48eadda73f0127c1692adff77a7ae9cb4ee5fc4c3c519b09c803e5d', 2, 1, 'dev.pradeep891@gmail.com', '[]', 0, '2020-08-10 13:02:02', '2020-08-10 13:02:02', '2021-08-10 13:02:02');

-- --------------------------------------------------------

--
-- Table structure for table `oauth_auth_codes`
--

CREATE TABLE `oauth_auth_codes` (
  `id` varchar(100) COLLATE utf8mb4_unicode_ci NOT NULL,
  `user_id` bigint(20) UNSIGNED NOT NULL,
  `client_id` bigint(20) UNSIGNED NOT NULL,
  `scopes` text COLLATE utf8mb4_unicode_ci,
  `revoked` tinyint(1) NOT NULL,
  `expires_at` datetime DEFAULT NULL
) ENGINE=MyISAM DEFAULT CHARSET=utf8mb4 COLLATE=utf8mb4_unicode_ci;

-- --------------------------------------------------------

--
-- Table structure for table `oauth_clients`
--

CREATE TABLE `oauth_clients` (
  `id` bigint(20) UNSIGNED NOT NULL,
  `user_id` bigint(20) UNSIGNED DEFAULT NULL,
  `name` varchar(191) COLLATE utf8mb4_unicode_ci NOT NULL,
  `secret` varchar(100) COLLATE utf8mb4_unicode_ci DEFAULT NULL,
  `provider` varchar(191) COLLATE utf8mb4_unicode_ci DEFAULT NULL,
  `redirect` text COLLATE utf8mb4_unicode_ci NOT NULL,
  `personal_access_client` tinyint(1) NOT NULL,
  `password_client` tinyint(1) NOT NULL,
  `revoked` tinyint(1) NOT NULL,
  `created_at` timestamp NULL DEFAULT NULL,
  `updated_at` timestamp NULL DEFAULT NULL
) ENGINE=MyISAM DEFAULT CHARSET=utf8mb4 COLLATE=utf8mb4_unicode_ci;

--
-- Dumping data for table `oauth_clients`
--

INSERT INTO `oauth_clients` (`id`, `user_id`, `name`, `secret`, `provider`, `redirect`, `personal_access_client`, `password_client`, `revoked`, `created_at`, `updated_at`) VALUES
(1, NULL, 'GroupKit Personal Access Client', '5TjlGQlK02zfyLSe2hMd1qWyoligbiuz7tQe41VN', NULL, 'http://localhost', 1, 0, 0, '2020-07-08 06:06:05', '2020-07-08 06:06:05');

-- --------------------------------------------------------

--
-- Table structure for table `oauth_personal_access_clients`
--

CREATE TABLE `oauth_personal_access_clients` (
  `id` bigint(20) UNSIGNED NOT NULL,
  `client_id` bigint(20) UNSIGNED NOT NULL,
  `created_at` timestamp NULL DEFAULT NULL,
  `updated_at` timestamp NULL DEFAULT NULL
) ENGINE=MyISAM DEFAULT CHARSET=utf8mb4 COLLATE=utf8mb4_unicode_ci;

--
-- Dumping data for table `oauth_personal_access_clients`
--

INSERT INTO `oauth_personal_access_clients` (`id`, `client_id`, `created_at`, `updated_at`) VALUES
(1, 1, '2020-07-08 06:06:05', '2020-07-08 06:06:05');

-- --------------------------------------------------------

--
-- Table structure for table `oauth_refresh_tokens`
--

CREATE TABLE `oauth_refresh_tokens` (
  `id` varchar(100) COLLATE utf8mb4_unicode_ci NOT NULL,
  `access_token_id` varchar(100) COLLATE utf8mb4_unicode_ci NOT NULL,
  `revoked` tinyint(1) NOT NULL,
  `expires_at` datetime DEFAULT NULL
) ENGINE=MyISAM DEFAULT CHARSET=utf8mb4 COLLATE=utf8mb4_unicode_ci;

-- --------------------------------------------------------

--
-- Table structure for table `password_resets`
--

CREATE TABLE `password_resets` (
  `email` varchar(191) COLLATE utf8mb4_unicode_ci NOT NULL,
  `token` varchar(191) COLLATE utf8mb4_unicode_ci NOT NULL,
  `created_at` timestamp NULL DEFAULT NULL
) ENGINE=MyISAM DEFAULT CHARSET=utf8mb4 COLLATE=utf8mb4_unicode_ci;

-- --------------------------------------------------------

--
-- Table structure for table `payments`
--

CREATE TABLE `payments` (
  `id` int(10) UNSIGNED NOT NULL,
  `txn_id` varchar(191) COLLATE utf8mb4_unicode_ci DEFAULT NULL,
  `payment_gross` double(10,10) DEFAULT NULL,
  `currency_code` varchar(10) COLLATE utf8mb4_unicode_ci DEFAULT NULL,
  `payer_email` varchar(191) COLLATE utf8mb4_unicode_ci DEFAULT NULL,
  `receiver_email` varchar(191) COLLATE utf8mb4_unicode_ci DEFAULT NULL,
  `payment_date` timestamp NULL DEFAULT CURRENT_TIMESTAMP ON UPDATE CURRENT_TIMESTAMP,
  `payment_status` varchar(20) COLLATE utf8mb4_unicode_ci DEFAULT NULL,
  `user_id` int(10) UNSIGNED DEFAULT NULL,
  `is_deleted` int(11) DEFAULT '0',
  `created_at` timestamp NULL DEFAULT NULL,
  `updated_at` timestamp NULL DEFAULT NULL,
  `subscriptions` varchar(100) COLLATE utf8mb4_unicode_ci NOT NULL
) ENGINE=MyISAM DEFAULT CHARSET=utf8mb4 COLLATE=utf8mb4_unicode_ci;

-- --------------------------------------------------------

--
-- Table structure for table `plans`
--

CREATE TABLE `plans` (
  `id` int(10) UNSIGNED NOT NULL,
  `name` varchar(191) COLLATE utf8mb4_unicode_ci NOT NULL,
  `slug` varchar(191) COLLATE utf8mb4_unicode_ci NOT NULL,
  `stripe_plan` varchar(191) COLLATE utf8mb4_unicode_ci NOT NULL,
  `cost` double(8,2) NOT NULL,
  `description` text COLLATE utf8mb4_unicode_ci,
  `is_deleted` int(11) NOT NULL DEFAULT '0',
  `created_at` timestamp NULL DEFAULT NULL,
  `updated_at` timestamp NULL DEFAULT NULL
) ENGINE=MyISAM DEFAULT CHARSET=utf8mb4 COLLATE=utf8mb4_unicode_ci;

--
-- Dumping data for table `plans`
--

INSERT INTO `plans` (`id`, `name`, `slug`, `stripe_plan`, `cost`, `description`, `is_deleted`, `created_at`, `updated_at`) VALUES
(4, 'GroupKit Pro', 'plan_H81ycCkDlKy6Ng', '30', 48.00, NULL, 0, '2020-07-10 00:05:18', '2020-07-10 00:05:18'),
(3, 'GroupKit Pro Annual', 'plan_H98gMql8UbiAgb', '365', 384.00, NULL, 0, '2020-07-10 00:05:18', '2020-07-10 00:46:41'),
(5, 'GroupKit Basic', 'plan_H81yEbnL2c1ng6', '30', 34.00, NULL, 0, '2020-07-10 00:05:18', '2020-07-10 00:05:18');

-- --------------------------------------------------------

--
-- Table structure for table `refund_payment`
--

CREATE TABLE `refund_payment` (
  `id` int(10) UNSIGNED NOT NULL,
  `refund_pay_id` varchar(191) COLLATE utf8mb4_unicode_ci NOT NULL,
  `refund_object` text COLLATE utf8mb4_unicode_ci NOT NULL,
  `refund_amount` varchar(191) COLLATE utf8mb4_unicode_ci NOT NULL,
  `refund_balance_transaction` varchar(191) COLLATE utf8mb4_unicode_ci NOT NULL,
  `refund_charge` varchar(191) COLLATE utf8mb4_unicode_ci NOT NULL,
  `refund_currency` varchar(10) COLLATE utf8mb4_unicode_ci NOT NULL,
  `receipt_number` varchar(191) COLLATE utf8mb4_unicode_ci NOT NULL,
  `reason` text COLLATE utf8mb4_unicode_ci NOT NULL,
  `status` varchar(20) COLLATE utf8mb4_unicode_ci NOT NULL,
  `user_id` int(10) UNSIGNED NOT NULL,
  `is_deleted` int(11) NOT NULL DEFAULT '0',
  `created_at` timestamp NULL DEFAULT NULL,
  `updated_at` timestamp NULL DEFAULT NULL,
  `subscriptions` varchar(100) COLLATE utf8mb4_unicode_ci NOT NULL
) ENGINE=MyISAM DEFAULT CHARSET=utf8mb4 COLLATE=utf8mb4_unicode_ci;

-- --------------------------------------------------------

--
-- Table structure for table `subscriptions`
--

CREATE TABLE `subscriptions` (
  `id` int(10) UNSIGNED NOT NULL,
  `user_id` int(10) UNSIGNED NOT NULL,
  `name` varchar(191) COLLATE utf8mb4_unicode_ci NOT NULL,
  `stripe_id` varchar(191) CHARACTER SET utf8mb4 COLLATE utf8mb4_bin NOT NULL,
  `stripe_plan` varchar(191) COLLATE utf8mb4_unicode_ci NOT NULL,
  `stripe_status` varchar(191) COLLATE utf8mb4_unicode_ci NOT NULL,
  `quantity` int(11) NOT NULL,
  `trial_ends_at` timestamp NULL DEFAULT NULL,
  `ends_at` timestamp NULL DEFAULT NULL,
  `is_deleted` int(11) NOT NULL DEFAULT '0',
  `created_at` timestamp NULL DEFAULT NULL,
  `updated_at` timestamp NULL DEFAULT NULL
) ENGINE=MyISAM DEFAULT CHARSET=utf8mb4 COLLATE=utf8mb4_unicode_ci;

--
-- Dumping data for table `subscriptions`
--

INSERT INTO `subscriptions` (`id`, `user_id`, `name`, `stripe_id`, `stripe_plan`, `stripe_status`, `quantity`, `trial_ends_at`, `ends_at`, `is_deleted`, `created_at`, `updated_at`) VALUES
(1, 1, 'GroupKit Pro', 'sub_Hcczg6SKeFXLtF', 'plan_H81ycCkDlKy6Ng', 'trialing', 1, '2020-07-16 15:01:51', NULL, 0, '2020-07-10 15:01:55', '2020-07-13 12:25:09'),
(2, 2, 'GroupKit Pro', 'sub_HdeGCHJ9U771dn', 'plan_H81ycCkDlKy6Ng', 'trialing', 1, '2020-07-27 08:24:38', NULL, 0, '2020-07-13 08:24:41', '2020-07-13 08:24:41'),
(3, 1, 'GroupKit Basic', 'sub_Hdi9ywqvmkmzWg', 'plan_H81yEbnL2c1ng6', 'canceled', 1, NULL, '2020-07-17 13:49:08', 0, '2020-07-13 12:25:33', '2020-07-17 13:49:08'),
(4, 3, 'GroupKit Pro', 'sub_HdrqYYFIUF2Xt2', 'plan_H81ycCkDlKy6Ng', 'trialing', 1, '2020-07-27 22:27:06', NULL, 0, '2020-07-13 22:27:08', '2020-07-13 22:27:08'),
(5, 1, 'GroupKit Basic', 'sub_HfERWWHbqDnkLG', 'plan_H81yEbnL2c1ng6', 'active', 1, NULL, NULL, 0, '2020-07-17 13:51:59', '2020-07-17 13:51:59'),
(6, 4, 'GroupKit Pro', 'sub_HgP7bSQEQCum50', 'plan_H81ycCkDlKy6Ng', 'trialing', 1, '2020-08-03 16:57:47', NULL, 0, '2020-07-20 16:57:49', '2020-07-20 16:57:49'),
(7, 5, 'GroupKit Pro', 'sub_HgPfw0Zh5VZvOP', 'plan_H81ycCkDlKy6Ng', 'trialing', 1, '2020-08-03 17:31:40', NULL, 0, '2020-07-20 17:31:43', '2020-07-20 17:31:43'),
(8, 6, 'GroupKit Pro', 'sub_HgPsLyEcpZkl7c', 'plan_H81ycCkDlKy6Ng', 'trialing', 1, '2020-08-03 17:44:32', NULL, 0, '2020-07-20 17:44:34', '2020-07-31 18:11:59'),
(9, 8, 'GroupKit Pro', 'sub_Hhyv5YibVSx9m8', 'plan_H81ycCkDlKy6Ng', 'trialing', 1, '2020-08-07 22:01:35', NULL, 0, '2020-07-24 22:01:37', '2020-07-24 22:01:37'),
(10, 11, 'GroupKit Pro', 'sub_HirjuyR4AGHWwC', 'plan_H81ycCkDlKy6Ng', 'trialing', 1, '2020-08-10 06:40:14', NULL, 0, '2020-07-27 06:40:16', '2020-07-27 06:40:16'),
(11, 12, 'GroupKit Pro', 'sub_HiyIafZEZfS731', 'plan_H81ycCkDlKy6Ng', 'trialing', 1, '2020-08-10 13:26:46', NULL, 0, '2020-07-27 13:26:48', '2020-07-27 13:26:48'),
(12, 2, 'GroupKit Pro', 'sub_HizXlQ0EA3umg8', 'plan_H81ycCkDlKy6Ng', 'active', 1, NULL, NULL, 0, '2020-07-27 14:43:27', '2020-07-27 14:43:27'),
(13, 15, 'GroupKit Pro', 'sub_Hj3h4TI7oPYTFH', 'plan_H81ycCkDlKy6Ng', 'trialing', 1, '2020-08-10 19:02:11', NULL, 0, '2020-07-27 19:02:13', '2020-07-27 19:02:13'),
(14, 3, 'GroupKit Pro', 'sub_Hj7NxP7f4crFl0', 'plan_H81ycCkDlKy6Ng', 'active', 1, NULL, NULL, 0, '2020-07-27 22:49:34', '2020-07-27 22:49:34'),
(15, 16, 'GroupKit Pro', 'sub_HjCsQHsavkhTzJ', 'plan_H81ycCkDlKy6Ng', 'trialing', 1, '2020-08-11 04:30:30', NULL, 0, '2020-07-28 04:30:32', '2020-07-28 04:30:32'),
(16, 5, 'GroupKit Pro', 'sub_Hm4yMkuJ0Ywzpn', 'plan_H81ycCkDlKy6Ng', 'active', 1, NULL, NULL, 0, '2020-08-04 20:33:05', '2020-08-04 20:33:05'),
(17, 20, 'GroupKit Pro', 'sub_HmPr1ZlQSIMl6Z', 'plan_H81ycCkDlKy6Ng', 'trialing', 1, '2020-08-19 18:07:57', NULL, 0, '2020-08-05 18:08:00', '2020-08-05 18:08:00');

-- --------------------------------------------------------

--
-- Table structure for table `subscription_items`
--

CREATE TABLE `subscription_items` (
  `id` bigint(20) UNSIGNED NOT NULL,
  `subscription_id` bigint(20) UNSIGNED NOT NULL,
  `stripe_id` varchar(191) COLLATE utf8mb4_unicode_ci NOT NULL,
  `stripe_plan` varchar(191) COLLATE utf8mb4_unicode_ci NOT NULL,
  `quantity` int(11) NOT NULL,
  `created_at` timestamp NULL DEFAULT NULL,
  `updated_at` timestamp NULL DEFAULT NULL
) ENGINE=MyISAM DEFAULT CHARSET=utf8mb4 COLLATE=utf8mb4_unicode_ci;

--
-- Dumping data for table `subscription_items`
--

INSERT INTO `subscription_items` (`id`, `subscription_id`, `stripe_id`, `stripe_plan`, `quantity`, `created_at`, `updated_at`) VALUES
(1, 1, 'si_HcczeVAJl2IKUj', 'plan_H81ycCkDlKy6Ng', 1, '2020-07-10 15:01:55', '2020-07-10 15:01:55'),
(2, 2, 'si_HdeGlsGlCsjVW2', 'plan_H81ycCkDlKy6Ng', 1, '2020-07-13 08:24:41', '2020-07-13 08:24:41'),
(3, 3, 'si_Hdi9jqgH57xfUE', 'plan_H81yEbnL2c1ng6', 1, '2020-07-13 12:25:33', '2020-07-13 12:25:33'),
(4, 4, 'si_Hdrq6un4Hljfxa', 'plan_H81ycCkDlKy6Ng', 1, '2020-07-13 22:27:08', '2020-07-13 22:27:08'),
(5, 5, 'si_HfERmwe6ruQI0a', 'plan_H81yEbnL2c1ng6', 1, '2020-07-17 13:51:59', '2020-07-17 13:51:59'),
(6, 6, 'si_HgP7xjzNSLBIcT', 'plan_H81ycCkDlKy6Ng', 1, '2020-07-20 16:57:49', '2020-07-20 16:57:49'),
(7, 7, 'si_HgPfPkJrx8HHUW', 'plan_H81ycCkDlKy6Ng', 1, '2020-07-20 17:31:43', '2020-07-20 17:31:43'),
(8, 8, 'si_HgPsg3gihONCkJ', 'plan_H81ycCkDlKy6Ng', 1, '2020-07-20 17:44:34', '2020-07-20 17:44:34'),
(9, 9, 'si_HhyvEczWhIhrCJ', 'plan_H81ycCkDlKy6Ng', 1, '2020-07-24 22:01:37', '2020-07-24 22:01:37'),
(10, 10, 'si_HirjzMkCZ24Od5', 'plan_H81ycCkDlKy6Ng', 1, '2020-07-27 06:40:16', '2020-07-27 06:40:16'),
(11, 11, 'si_HiyIsGuEsvvqQv', 'plan_H81ycCkDlKy6Ng', 1, '2020-07-27 13:26:48', '2020-07-27 13:26:48'),
(12, 12, 'si_HizXaJy8VndWan', 'plan_H81ycCkDlKy6Ng', 1, '2020-07-27 14:43:27', '2020-07-27 14:43:27'),
(13, 13, 'si_Hj3h9nEq20u0UA', 'plan_H81ycCkDlKy6Ng', 1, '2020-07-27 19:02:13', '2020-07-27 19:02:13'),
(14, 14, 'si_Hj7N84ZZroAp06', 'plan_H81ycCkDlKy6Ng', 1, '2020-07-27 22:49:34', '2020-07-27 22:49:34'),
(15, 15, 'si_HjCs4K2rlXsrHv', 'plan_H81ycCkDlKy6Ng', 1, '2020-07-28 04:30:32', '2020-07-28 04:30:32'),
(16, 16, 'si_Hm4y7dKogPen43', 'plan_H81ycCkDlKy6Ng', 1, '2020-08-04 20:33:05', '2020-08-04 20:33:05'),
(17, 17, 'si_HmPr2LUga9Cru1', 'plan_H81ycCkDlKy6Ng', 1, '2020-08-05 18:08:00', '2020-08-05 18:08:00');

-- --------------------------------------------------------

--
-- Table structure for table `users`
--

CREATE TABLE `users` (
  `id` bigint(20) UNSIGNED NOT NULL,
  `name` varchar(191) COLLATE utf8mb4_unicode_ci NOT NULL,
  `email` varchar(191) COLLATE utf8mb4_unicode_ci NOT NULL,
  `email_verified_at` timestamp NULL DEFAULT NULL,
  `password` varchar(191) COLLATE utf8mb4_unicode_ci NOT NULL,
  `remember_token` varchar(100) COLLATE utf8mb4_unicode_ci DEFAULT NULL,
  `user_type` int(1) NOT NULL DEFAULT '2' COMMENT '	1-Admin,2-User,3-Sub User	',
  `stripe_id` varchar(191) COLLATE utf8mb4_unicode_ci DEFAULT NULL,
  `card_brand` varchar(191) COLLATE utf8mb4_unicode_ci DEFAULT NULL,
  `card_last_four` varchar(4) COLLATE utf8mb4_unicode_ci DEFAULT NULL,
  `trial_ends_at` timestamp NULL DEFAULT NULL,
  `facebook_groups_id` longtext COLLATE utf8mb4_unicode_ci,
  `timezone` varchar(50) COLLATE utf8mb4_unicode_ci DEFAULT NULL,
  `added_by` int(10) UNSIGNED DEFAULT NULL,
  `status` int(1) NOT NULL DEFAULT '1' COMMENT '	0-Inactive,1-Active',
  `is_deleted` int(11) NOT NULL DEFAULT '0',
  `created_at` timestamp NULL DEFAULT NULL,
  `updated_at` timestamp NULL DEFAULT NULL
) ENGINE=MyISAM DEFAULT CHARSET=utf8mb4 COLLATE=utf8mb4_unicode_ci;

--
-- Dumping data for table `users`
--

INSERT INTO `users` (`id`, `name`, `email`, `email_verified_at`, `password`, `remember_token`, `user_type`, `stripe_id`, `card_brand`, `card_last_four`, `trial_ends_at`, `facebook_groups_id`, `timezone`, `added_by`, `status`, `is_deleted`, `created_at`, `updated_at`) VALUES
(1, 'Pradeep', 'pradeep@groupkit.com', NULL, '$2y$10$KLvLHHiiJMF0Mb574F1yFOR4kvIawVTOKqYS3BfGOS2WPTHgFHjTq', NULL, 2, 'cus_HbpEv3evlt1Y4X', 'visa', '4242', NULL, NULL, 'Asia/Calcutta', NULL, 1, 0, '2020-07-08 06:06:29', '2020-08-10 11:06:57'),
(2, 'Pradeep', 'dev.pradeep891@gmail.com', NULL, '$2y$10$JvxVW1rpkmI/V9tDJKTdheC/nkRi75pyPNd8dTf1VP42XoiXaRKAq', NULL, 2, 'cus_HdeGbptNTay6wT', 'visa', '4242', NULL, NULL, NULL, NULL, 1, 0, '2020-07-13 08:20:56', '2020-07-13 08:24:39'),
(3, 'Jaden', 'jadeneastonellett@gmail.com', NULL, '$2y$10$.k4GFHfoOlpHOcABHyRpC.y6fAodqYF5QOczF8AjqA3uXmVHHCRna', NULL, 2, 'cus_HdrqFRmCFTFlqE', 'visa', '4242', NULL, NULL, NULL, NULL, 1, 0, '2020-07-13 22:25:03', '2020-07-13 22:27:07'),
(4, 'Jaden Easton-Ellett', 'jaden@clientsandcommunity.com', NULL, '$2y$10$vwTnJ/UufBXMO4Mlh62kx.gbd0INdCVxH.pD1nwSBouddPU7.BA5W', NULL, 2, 'cus_HgP72pEJ3tO5C0', 'visa', '4242', NULL, NULL, NULL, NULL, 1, 0, '2020-07-20 16:57:08', '2020-07-20 16:57:49'),
(5, 'Dusan', 'dusan+groupkit1@groupkit.com', NULL, '$2y$10$fTbExWrZT7qlhIEk/06E.eJbMtWYe2X2lUrZd7xdP3rsyt/Gjj0O6', NULL, 2, 'cus_HgPfI8TuMduMYx', 'visa', '4242', NULL, NULL, NULL, NULL, 1, 0, '2020-07-20 17:28:08', '2020-07-20 17:31:42'),
(6, 'Isha', 'isha@groupkit.com', NULL, '$2y$10$cp5KYxIVfd/Gl4tK6b9dgu8PYNLhRq.z/gkjPCBAa7j6.XQG56hq2', 'oyywdoA9VUQp9WkVmBYr7d8vVkuhXdMsCSvqcIhtPfTJxZZ5skOK6eVoxkGm', 2, 'cus_HgPsdO0KdOn9EX', 'visa', '4242', NULL, NULL, NULL, NULL, 1, 0, '2020-07-20 17:34:18', '2020-07-30 18:32:38'),
(7, 'Isha', 'jnjnjnjnj@gmaik', NULL, '$2y$10$1nt9A3Q1NYTnZKR5G8KmyeexD84Bznp8J/d9NUyOnZCdlbMs.pYMO', NULL, 2, NULL, NULL, NULL, NULL, NULL, NULL, NULL, 1, 0, '2020-07-20 18:28:50', '2020-07-31 13:59:11'),
(8, 'Jaden Easton-Ellett', 'hi@jadeneaston.com', NULL, '$2y$10$Nde0VFLQNKJafVLLInr7du0O4p3MYbhHWnVQR8.sSJET4xfAzl1ga', NULL, 2, 'cus_Hhyv5z0fLTaGXt', 'visa', '4242', NULL, NULL, NULL, NULL, 1, 0, '2020-07-24 22:00:39', '2020-07-24 22:01:36'),
(9, 'Isha', 'isha@test.com', NULL, '$2y$10$l3KecGE1p4gKt8R3.HkT7urkBRXcRyKaY7Tb2EPAR4BJIfFleXXEy', NULL, 2, NULL, NULL, NULL, NULL, NULL, NULL, NULL, 1, 0, '2020-07-27 02:32:22', '2020-07-27 02:32:22'),
(10, 'Isha', 'isha@test1.com', NULL, '$2y$10$CB5VxWvKkiX1ReDqDrFeM.5RFa1wILf6BsbAZ7bXIckTbMnp25/f.', NULL, 2, NULL, NULL, NULL, NULL, NULL, NULL, NULL, 1, 0, '2020-07-27 06:22:27', '2020-07-27 06:22:27'),
(11, 'Isha123@', 'test@test.com', NULL, '$2y$10$ZJ7E/lPkeCnZ930ab9se7eOahpMbmZvCtHUkCpomtBj5pJVu/o3mS', NULL, 2, 'cus_HirjSozuFj2HmF', 'visa', '4242', NULL, NULL, NULL, NULL, 1, 0, '2020-07-27 06:38:59', '2020-07-27 06:40:15'),
(12, 'Jared', 'jared@clientsandcommunity.com', '2020-07-27 14:14:14', '$2y$10$CMi2Al.qEm7i3NfL/7rapuvRdtlN1YC9livsMzNBBxtGimMD/83qK', NULL, 2, 'cus_HiyIgDd357W3Yq', 'visa', '4242', NULL, NULL, NULL, NULL, 1, 0, '2020-07-27 13:25:45', '2020-07-27 14:14:14'),
(13, 'Isha', 'isha@test', NULL, '$2y$10$4xgSNtyEYF0x1AJLFF.6tOfWP.7Ckw6sAykNfl/SJfW6cB7jl2UNe', NULL, 2, NULL, NULL, NULL, NULL, NULL, NULL, NULL, 1, 0, '2020-07-27 17:57:34', '2020-07-27 17:57:34'),
(14, 'abcdefghijklmnopqrstuvwxyz123456778910', 'test@test2.com', NULL, '$2y$10$tVDHnRR.P/VWqj7X1oF2RO3Il1zIg.rPdIAMYuNxA.bqZ.zigQRBa', NULL, 2, NULL, NULL, NULL, NULL, NULL, NULL, NULL, 1, 0, '2020-07-27 18:05:43', '2020-07-27 18:05:43'),
(15, 'Isha', 'test@gk.com', NULL, '$2y$10$nlGDwbnJhERnslIsImmhv.N6xddhvm5Cv19rSPRKQpQ8GFjwpnjee', NULL, 2, 'cus_Hj3hOPdbR3EKtK', 'visa', '4242', NULL, NULL, NULL, NULL, 1, 0, '2020-07-27 18:40:49', '2020-07-27 19:02:12'),
(16, 'isha', 'isha@isha.com', NULL, '$2y$10$75nOYKuXOXWs2vE70QLQXeekFdaYVLOUt75ZX87muhy5ZuhUu9wb.', NULL, 2, 'cus_HjCsSupnKUlh73', 'visa', '4242', NULL, NULL, NULL, NULL, 1, 0, '2020-07-28 04:29:31', '2020-07-28 04:30:31'),
(17, 'Admin', 'admin@groupkit.com', NULL, '$2y$10$KLvLHHiiJMF0Mb574F1yFOR4kvIawVTOKqYS3BfGOS2WPTHgFHjTq', NULL, 1, '', '', '', NULL, NULL, NULL, NULL, 1, 0, '2020-07-08 06:06:29', '2020-07-08 06:06:59'),
(18, 'isha123', 'isha@testt', NULL, '$2y$10$ZqqXBozNwy3dtgXMORXHquqwC1npQvKbumNLUSFMDQ7csf3tKbQGm', NULL, 2, NULL, NULL, NULL, NULL, NULL, NULL, NULL, 1, 0, '2020-07-30 03:24:59', '2020-07-30 03:24:59'),
(19, 'Isha', 'isha@isha1.com', NULL, '$2y$10$1G34Gw6Gvq.Sj09Of8wI4uGfJ0xk8otqG5zjVaKJJmfUGfPVYsK6y', NULL, 2, NULL, NULL, NULL, NULL, NULL, NULL, NULL, 1, 0, '2020-07-31 18:33:28', '2020-07-31 18:33:28'),
(20, 'Pradeep', 'dev.pradeep.891@gmail.com', NULL, '$2y$10$i4YUbwEVc/u.phO5Jn4wFOGWHe.z.HLx0gEMN65gTpdVo6FjK.AJu', NULL, 2, 'cus_HmPrjSf0b0zAZM', 'visa', '4242', NULL, NULL, NULL, NULL, 1, 0, '2020-08-05 18:02:47', '2020-08-05 18:07:58'),
(23, 'user Test', 'ajay.qodic@gmail.com', NULL, '$2y$10$JVoREdSRcES95Q5B3S65yOQfCXVVa8TjCGpE5CXg1usQ8wMCbH5Be', NULL, 3, NULL, NULL, NULL, NULL, '5', NULL, 2, 1, 1, '2020-08-10 11:10:58', '2020-08-10 11:11:32');

--
-- Indexes for dumped tables
--

--
-- Indexes for table `auto_responder`
--
ALTER TABLE `auto_responder`
  ADD PRIMARY KEY (`id`);

--
-- Indexes for table `facebook_groups`
--
ALTER TABLE `facebook_groups`
  ADD PRIMARY KEY (`id`);

--
-- Indexes for table `failed_jobs`
--
ALTER TABLE `failed_jobs`
  ADD PRIMARY KEY (`id`);

--
-- Indexes for table `group_members`
--
ALTER TABLE `group_members`
  ADD PRIMARY KEY (`id`);

--
-- Indexes for table `migrations`
--
ALTER TABLE `migrations`
  ADD PRIMARY KEY (`id`);

--
-- Indexes for table `oauth_access_tokens`
--
ALTER TABLE `oauth_access_tokens`
  ADD PRIMARY KEY (`id`),
  ADD KEY `oauth_access_tokens_user_id_index` (`user_id`);

--
-- Indexes for table `oauth_auth_codes`
--
ALTER TABLE `oauth_auth_codes`
  ADD PRIMARY KEY (`id`),
  ADD KEY `oauth_auth_codes_user_id_index` (`user_id`);

--
-- Indexes for table `oauth_clients`
--
ALTER TABLE `oauth_clients`
  ADD PRIMARY KEY (`id`),
  ADD KEY `oauth_clients_user_id_index` (`user_id`);

--
-- Indexes for table `oauth_personal_access_clients`
--
ALTER TABLE `oauth_personal_access_clients`
  ADD PRIMARY KEY (`id`);

--
-- Indexes for table `oauth_refresh_tokens`
--
ALTER TABLE `oauth_refresh_tokens`
  ADD PRIMARY KEY (`id`);

--
-- Indexes for table `password_resets`
--
ALTER TABLE `password_resets`
  ADD KEY `password_resets_email_index` (`email`);

--
-- Indexes for table `payments`
--
ALTER TABLE `payments`
  ADD PRIMARY KEY (`id`);

--
-- Indexes for table `plans`
--
ALTER TABLE `plans`
  ADD PRIMARY KEY (`id`),
  ADD UNIQUE KEY `plans_slug_unique` (`slug`);

--
-- Indexes for table `refund_payment`
--
ALTER TABLE `refund_payment`
  ADD PRIMARY KEY (`id`);

--
-- Indexes for table `subscriptions`
--
ALTER TABLE `subscriptions`
  ADD PRIMARY KEY (`id`);

--
-- Indexes for table `subscription_items`
--
ALTER TABLE `subscription_items`
  ADD PRIMARY KEY (`id`),
  ADD UNIQUE KEY `subscription_items_subscription_id_stripe_plan_unique` (`subscription_id`,`stripe_plan`),
  ADD KEY `subscription_items_stripe_id_index` (`stripe_id`);

--
-- Indexes for table `users`
--
ALTER TABLE `users`
  ADD PRIMARY KEY (`id`),
  ADD KEY `users_stripe_id_index` (`stripe_id`);

--
-- AUTO_INCREMENT for dumped tables
--

--
-- AUTO_INCREMENT for table `auto_responder`
--
ALTER TABLE `auto_responder`
  MODIFY `id` int(10) UNSIGNED NOT NULL AUTO_INCREMENT, AUTO_INCREMENT=6;

--
-- AUTO_INCREMENT for table `facebook_groups`
--
ALTER TABLE `facebook_groups`
  MODIFY `id` int(10) UNSIGNED NOT NULL AUTO_INCREMENT, AUTO_INCREMENT=20;

--
-- AUTO_INCREMENT for table `failed_jobs`
--
ALTER TABLE `failed_jobs`
  MODIFY `id` bigint(20) UNSIGNED NOT NULL AUTO_INCREMENT;

--
-- AUTO_INCREMENT for table `group_members`
--
ALTER TABLE `group_members`
  MODIFY `id` int(10) UNSIGNED NOT NULL AUTO_INCREMENT, AUTO_INCREMENT=640;

--
-- AUTO_INCREMENT for table `migrations`
--
ALTER TABLE `migrations`
  MODIFY `id` int(10) UNSIGNED NOT NULL AUTO_INCREMENT, AUTO_INCREMENT=72;

--
-- AUTO_INCREMENT for table `oauth_clients`
--
ALTER TABLE `oauth_clients`
  MODIFY `id` bigint(20) UNSIGNED NOT NULL AUTO_INCREMENT, AUTO_INCREMENT=2;

--
-- AUTO_INCREMENT for table `oauth_personal_access_clients`
--
ALTER TABLE `oauth_personal_access_clients`
  MODIFY `id` bigint(20) UNSIGNED NOT NULL AUTO_INCREMENT, AUTO_INCREMENT=2;

--
-- AUTO_INCREMENT for table `payments`
--
ALTER TABLE `payments`
  MODIFY `id` int(10) UNSIGNED NOT NULL AUTO_INCREMENT;

--
-- AUTO_INCREMENT for table `plans`
--
ALTER TABLE `plans`
  MODIFY `id` int(10) UNSIGNED NOT NULL AUTO_INCREMENT, AUTO_INCREMENT=6;

--
-- AUTO_INCREMENT for table `refund_payment`
--
ALTER TABLE `refund_payment`
  MODIFY `id` int(10) UNSIGNED NOT NULL AUTO_INCREMENT;

--
-- AUTO_INCREMENT for table `subscriptions`
--
ALTER TABLE `subscriptions`
  MODIFY `id` int(10) UNSIGNED NOT NULL AUTO_INCREMENT, AUTO_INCREMENT=18;

--
-- AUTO_INCREMENT for table `subscription_items`
--
ALTER TABLE `subscription_items`
  MODIFY `id` bigint(20) UNSIGNED NOT NULL AUTO_INCREMENT, AUTO_INCREMENT=18;

--
-- AUTO_INCREMENT for table `users`
--
ALTER TABLE `users`
  MODIFY `id` bigint(20) UNSIGNED NOT NULL AUTO_INCREMENT, AUTO_INCREMENT=24;
COMMIT;

/*!40101 SET CHARACTER_SET_CLIENT=@OLD_CHARACTER_SET_CLIENT */;
/*!40101 SET CHARACTER_SET_RESULTS=@OLD_CHARACTER_SET_RESULTS */;
/*!40101 SET COLLATION_CONNECTION=@OLD_COLLATION_CONNECTION */;
